date,series_id,category_zh,category_en,value,period,footnotes
1998-01,CUUR0000SEMD01,医院服务,Hospital services,103.5,M01,
1998-02,CUUR0000SEMD01,医院服务,Hospital services,104.1,M02,
1998-03,CUUR0000SEMD01,医院服务,Hospital services,104.1,M03,
1998-04,CUUR0000SEMD01,医院服务,Hospital services,104.3,M04,
1998-05,CUUR0000SEMD01,医院服务,Hospital services,104.2,M05,
1998-06,CUUR0000SEMD01,医院服务,Hospital services,104.3,M06,
1998-07,CUUR0000SEMD01,医院服务,Hospital services,105.2,M07,
1998-08,CUUR0000SEMD01,医院服务,Hospital services,105.7,M08,
1998-09,CUUR0000SEMD01,医院服务,Hospital services,105.5,M09,
1998-10,CUUR0000SEMD01,医院服务,Hospital services,105.9,M10,
1998-11,CUUR0000SEMD01,医院服务,Hospital services,106.2,M11,
1998-12,CUUR0000SEMD01,医院服务,Hospital services,106.4,M12,
1999-01,CUUR0000SEMD01,医院服务,Hospital services,107.5,M01,
1999-02,CUUR0000SEMD01,医院服务,Hospital services,108.1,M02,
1999-03,CUUR0000SEMD01,医院服务,Hospital services,108.3,M03,
1999-04,CUUR0000SEMD01,医院服务,Hospital services,108.1,M04,
1999-05,CUUR0000SEMD01,医院服务,Hospital services,108.4,M05,
1999-06,CUUR0000SEMD01,医院服务,Hospital services,108.6,M06,
1999-07,CUUR0000SEMD01,医院服务,Hospital services,109.3,M07,
1999-08,CUUR0000SEMD01,医院服务,Hospital services,110.0,M08,
1999-09,CUUR0000SEMD01,医院服务,Hospital services,110.3,M09,
1999-10,CUUR0000SEMD01,医院服务,Hospital services,110.6,M10,
1999-11,CUUR0000SEMD01,医院服务,Hospital services,110.9,M11,
1999-12,CUUR0000SEMD01,医院服务,Hospital services,111.8,M12,
2000-01,CUUR0000SEMD01,医院服务,Hospital services,112.6,M01,
2000-02,CUUR0000SEMD01,医院服务,Hospital services,113.4,M02,
2000-03,CUUR0000SEMD01,医院服务,Hospital services,113.8,M03,
2000-04,CUUR0000SEMD01,医院服务,Hospital services,114.2,M04,
2000-05,CUUR0000SEMD01,医院服务,Hospital services,114.5,M05,
2000-06,CUUR0000SEMD01,医院服务,Hospital services,115.2,M06,
2000-07,CUUR0000SEMD01,医院服务,Hospital services,116.2,M07,
2000-08,CUUR0000SEMD01,医院服务,Hospital services,117.3,M08,
2000-09,CUUR0000SEMD01,医院服务,Hospital services,117.8,M09,
2000-10,CUUR0000SEMD01,医院服务,Hospital services,118.2,M10,
2000-11,CUUR0000SEMD01,医院服务,Hospital services,118.6,M11,
2000-12,CUUR0000SEMD01,医院服务,Hospital services,118.8,M12,
2001-01,CUUR0000SEMD01,医院服务,Hospital services,120.0,M01,
2001-02,CUUR0000SEMD01,医院服务,Hospital services,120.9,M02,
2001-03,CUUR0000SEMD01,医院服务,Hospital services,121.6,M03,
2001-04,CUUR0000SEMD01,医院服务,Hospital services,121.9,M04,
2001-05,CUUR0000SEMD01,医院服务,Hospital services,122.5,M05,
2001-06,CUUR0000SEMD01,医院服务,Hospital services,123.0,M06,
2001-07,CUUR0000SEMD01,医院服务,Hospital services,123.5,M07,
2001-08,CUUR0000SEMD01,医院服务,Hospital services,124.7,M08,
2001-09,CUUR0000SEMD01,医院服务,Hospital services,125.2,M09,
2001-10,CUUR0000SEMD01,医院服务,Hospital services,126.0,M10,
2001-11,CUUR0000SEMD01,医院服务,Hospital services,126.9,M11,
2001-12,CUUR0000SEMD01,医院服务,Hospital services,127.4,M12,
2002-01,CUUR0000SEMD01,医院服务,Hospital services,129.2,M01,
2002-02,CUUR0000SEMD01,医院服务,Hospital services,130.4,M02,
2002-03,CUUR0000SEMD01,医院服务,Hospital services,131.5,M03,
2002-04,CUUR0000SEMD01,医院服务,Hospital services,132.7,M04,
2002-05,CUUR0000SEMD01,医院服务,Hospital services,133.5,M05,
2002-06,CUUR0000SEMD01,医院服务,Hospital services,133.7,M06,
2002-07,CUUR0000SEMD01,医院服务,Hospital services,134.6,M07,
2002-08,CUUR0000SEMD01,医院服务,Hospital services,136.0,M08,
2002-09,CUUR0000SEMD01,医院服务,Hospital services,136.7,M09,
2002-10,CUUR0000SEMD01,医院服务,Hospital services,138.1,M10,
2002-11,CUUR0000SEMD01,医院服务,Hospital services,139.6,M11,
2002-12,CUUR0000SEMD01,医院服务,Hospital services,140.3,M12,
2003-01,CUUR0000SEMD01,医院服务,Hospital services,141.4,M01,
2003-02,CUUR0000SEMD01,医院服务,Hospital services,142.3,M02,
2003-03,CUUR0000SEMD01,医院服务,Hospital services,142.5,M03,
2003-04,CUUR0000SEMD01,医院服务,Hospital services,142.4,M04,
2003-05,CUUR0000SEMD01,医院服务,Hospital services,142.4,M05,
2003-06,CUUR0000SEMD01,医院服务,Hospital services,143.6,M06,
2003-07,CUUR0000SEMD01,医院服务,Hospital services,144.7,M07,
2003-08,CUUR0000SEMD01,医院服务,Hospital services,145.9,M08,
2003-09,CUUR0000SEMD01,医院服务,Hospital services,146.5,M09,
2003-10,CUUR0000SEMD01,医院服务,Hospital services,146.9,M10,
2003-11,CUUR0000SEMD01,医院服务,Hospital services,148.8,M11,
2003-12,CUUR0000SEMD01,医院服务,Hospital services,149.3,M12,
2004-01,CUUR0000SEMD01,医院服务,Hospital services,150.3,M01,
2004-02,CUUR0000SEMD01,医院服务,Hospital services,151.4,M02,
2004-03,CUUR0000SEMD01,医院服务,Hospital services,151.8,M03,
2004-04,CUUR0000SEMD01,医院服务,Hospital services,151.8,M04,
2004-05,CUUR0000SEMD01,医院服务,Hospital services,152.2,M05,
2004-06,CUUR0000SEMD01,医院服务,Hospital services,153.0,M06,
2004-07,CUUR0000SEMD01,医院服务,Hospital services,153.8,M07,
2004-08,CUUR0000SEMD01,医院服务,Hospital services,153.7,M08,
2004-09,CUUR0000SEMD01,医院服务,Hospital services,154.2,M09,
2004-10,CUUR0000SEMD01,医院服务,Hospital services,155.1,M10,
2004-11,CUUR0000SEMD01,医院服务,Hospital services,156.0,M11,
2004-12,CUUR0000SEMD01,医院服务,Hospital services,157.1,M12,
2005-01,CUUR0000SEMD01,医院服务,Hospital services,158.3,M01,
2005-02,CUUR0000SEMD01,医院服务,Hospital services,159.7,M02,
2005-03,CUUR0000SEMD01,医院服务,Hospital services,160.6,M03,
2005-04,CUUR0000SEMD01,医院服务,Hospital services,160.6,M04,
2005-05,CUUR0000SEMD01,医院服务,Hospital services,160.6,M05,
2005-06,CUUR0000SEMD01,医院服务,Hospital services,160.8,M06,
2005-07,CUUR0000SEMD01,医院服务,Hospital services,162.0,M07,
2005-08,CUUR0000SEMD01,医院服务,Hospital services,161.4,M08,
2005-09,CUUR0000SEMD01,医院服务,Hospital services,161.5,M09,
2005-10,CUUR0000SEMD01,医院服务,Hospital services,162.9,M10,
2005-11,CUUR0000SEMD01,医院服务,Hospital services,165.2,M11,
2005-12,CUUR0000SEMD01,医院服务,Hospital services,165.2,M12,
2006-01,CUUR0000SEMD01,医院服务,Hospital services,166.7,M01,
2006-02,CUUR0000SEMD01,医院服务,Hospital services,169.3,M02,
2006-03,CUUR0000SEMD01,医院服务,Hospital services,170.4,M03,
2006-04,CUUR0000SEMD01,医院服务,Hospital services,170.9,M04,
2006-05,CUUR0000SEMD01,医院服务,Hospital services,171.4,M05,
2006-06,CUUR0000SEMD01,医院服务,Hospital services,172.0,M06,
2006-07,CUUR0000SEMD01,医院服务,Hospital services,172.6,M07,
2006-08,CUUR0000SEMD01,医院服务,Hospital services,173.3,M08,
2006-09,CUUR0000SEMD01,医院服务,Hospital services,173.6,M09,
2006-10,CUUR0000SEMD01,医院服务,Hospital services,174.3,M10,
2006-11,CUUR0000SEMD01,医院服务,Hospital services,175.7,M11,
2006-12,CUUR0000SEMD01,医院服务,Hospital services,175.4,M12,
2007-01,CUUR0000SEMD01,医院服务,Hospital services,177.293,M01,
2007-02,CUUR0000SEMD01,医院服务,Hospital services,179.436,M02,
2007-03,CUUR0000SEMD01,医院服务,Hospital services,180.282,M03,
2007-04,CUUR0000SEMD01,医院服务,Hospital services,180.98,M04,
2007-05,CUUR0000SEMD01,医院服务,Hospital services,181.708,M05,
2007-06,CUUR0000SEMD01,医院服务,Hospital services,182.007,M06,
2007-07,CUUR0000SEMD01,医院服务,Hospital services,183.677,M07,
2007-08,CUUR0000SEMD01,医院服务,Hospital services,184.293,M08,
2007-09,CUUR0000SEMD01,医院服务,Hospital services,185.498,M09,
2007-10,CUUR0000SEMD01,医院服务,Hospital services,187.729,M10,
2007-11,CUUR0000SEMD01,医院服务,Hospital services,189.797,M11,
2007-12,CUUR0000SEMD01,医院服务,Hospital services,189.908,M12,
2008-01,CUUR0000SEMD01,医院服务,Hospital services,192.878,M01,
2008-02,CUUR0000SEMD01,医院服务,Hospital services,194.818,M02,
2008-03,CUUR0000SEMD01,医院服务,Hospital services,195.206,M03,
2008-04,CUUR0000SEMD01,医院服务,Hospital services,195.688,M04,
2008-05,CUUR0000SEMD01,医院服务,Hospital services,196.032,M05,
2008-06,CUUR0000SEMD01,医院服务,Hospital services,196.199,M06,
2008-07,CUUR0000SEMD01,医院服务,Hospital services,196.973,M07,
2008-08,CUUR0000SEMD01,医院服务,Hospital services,197.786,M08,
2008-09,CUUR0000SEMD01,医院服务,Hospital services,198.693,M09,
2008-10,CUUR0000SEMD01,医院服务,Hospital services,199.984,M10,
2008-11,CUUR0000SEMD01,医院服务,Hospital services,200.923,M11,
2008-12,CUUR0000SEMD01,医院服务,Hospital services,201.053,M12,
2009-01,CUUR0000SEMD01,医院服务,Hospital services,203.957,M01,
2009-02,CUUR0000SEMD01,医院服务,Hospital services,206.845,M02,
2009-03,CUUR0000SEMD01,医院服务,Hospital services,207.925,M03,
2009-04,CUUR0000SEMD01,医院服务,Hospital services,209.412,M04,
2009-05,CUUR0000SEMD01,医院服务,Hospital services,209.11,M05,
2009-06,CUUR0000SEMD01,医院服务,Hospital services,209.277,M06,
2009-07,CUUR0000SEMD01,医院服务,Hospital services,210.92,M07,
2009-08,CUUR0000SEMD01,医院服务,Hospital services,211.644,M08,
2009-09,CUUR0000SEMD01,医院服务,Hospital services,212.848,M09,
2009-10,CUUR0000SEMD01,医院服务,Hospital services,213.882,M10,
2009-11,CUUR0000SEMD01,医院服务,Hospital services,216.384,M11,
2009-12,CUUR0000SEMD01,医院服务,Hospital services,216.57,M12,
2010-01,CUUR0000SEMD01,医院服务,Hospital services,219.34,M01,
2010-02,CUUR0000SEMD01,医院服务,Hospital services,223.614,M02,
2010-03,CUUR0000SEMD01,医院服务,Hospital services,225.822,M03,
2010-04,CUUR0000SEMD01,医院服务,Hospital services,226.133,M04,
2010-05,CUUR0000SEMD01,医院服务,Hospital services,226.186,M05,
2010-06,CUUR0000SEMD01,医院服务,Hospital services,226.579,M06,
2010-07,CUUR0000SEMD01,医院服务,Hospital services,225.552,M07,
2010-08,CUUR0000SEMD01,医院服务,Hospital services,226.2,M08,
2010-09,CUUR0000SEMD01,医院服务,Hospital services,230.085,M09,
2010-10,CUUR0000SEMD01,医院服务,Hospital services,231.961,M10,
2010-11,CUUR0000SEMD01,医院服务,Hospital services,232.298,M11,
2010-12,CUUR0000SEMD01,医院服务,Hospital services,232.953,M12,
2011-01,CUUR0000SEMD01,医院服务,Hospital services,234.791,M01,
2011-02,CUUR0000SEMD01,医院服务,Hospital services,237.904,M02,
2011-03,CUUR0000SEMD01,医院服务,Hospital services,238.223,M03,
2011-04,CUUR0000SEMD01,医院服务,Hospital services,239.453,M04,
2011-05,CUUR0000SEMD01,医院服务,Hospital services,240.334,M05,
2011-06,CUUR0000SEMD01,医院服务,Hospital services,240.395,M06,
2011-07,CUUR0000SEMD01,医院服务,Hospital services,241.251,M07,
2011-08,CUUR0000SEMD01,医院服务,Hospital services,242.032,M08,
2011-09,CUUR0000SEMD01,医院服务,Hospital services,242.615,M09,
2011-10,CUUR0000SEMD01,医院服务,Hospital services,244.592,M10,
2011-11,CUUR0000SEMD01,医院服务,Hospital services,246.587,M11,
2011-12,CUUR0000SEMD01,医院服务,Hospital services,246.377,M12,
2012-01,CUUR0000SEMD01,医院服务,Hospital services,248.41,M01,
2012-02,CUUR0000SEMD01,医院服务,Hospital services,250.56,M02,
2012-03,CUUR0000SEMD01,医院服务,Hospital services,250.638,M03,
2012-04,CUUR0000SEMD01,医院服务,Hospital services,251.819,M04,
2012-05,CUUR0000SEMD01,医院服务,Hospital services,252.476,M05,
2012-06,CUUR0000SEMD01,医院服务,Hospital services,254.248,M06,
2012-07,CUUR0000SEMD01,医院服务,Hospital services,254.982,M07,
2012-08,CUUR0000SEMD01,医院服务,Hospital services,253.38,M08,
2012-09,CUUR0000SEMD01,医院服务,Hospital services,254.738,M09,
2012-10,CUUR0000SEMD01,医院服务,Hospital services,255.477,M10,
2012-11,CUUR0000SEMD01,医院服务,Hospital services,257.537,M11,
2012-12,CUUR0000SEMD01,医院服务,Hospital services,258.486,M12,
2013-01,CUUR0000SEMD01,医院服务,Hospital services,260.035,M01,
2013-02,CUUR0000SEMD01,医院服务,Hospital services,264.071,M02,
2013-03,CUUR0000SEMD01,医院服务,Hospital services,264.586,M03,
2013-04,CUUR0000SEMD01,医院服务,Hospital services,262.595,M04,
2013-05,CUUR0000SEMD01,医院服务,Hospital services,262.06,M05,
2013-06,CUUR0000SEMD01,医院服务,Hospital services,263.287,M06,
2013-07,CUUR0000SEMD01,医院服务,Hospital services,263.698,M07,
2013-08,CUUR0000SEMD01,医院服务,Hospital services,267.741,M08,
2013-09,CUUR0000SEMD01,医院服务,Hospital services,269.691,M09,
2013-10,CUUR0000SEMD01,医院服务,Hospital services,269.27,M10,
2013-11,CUUR0000SEMD01,医院服务,Hospital services,268.978,M11,
2013-12,CUUR0000SEMD01,医院服务,Hospital services,269.365,M12,
2014-01,CUUR0000SEMD01,医院服务,Hospital services,272.485,M01,
2014-02,CUUR0000SEMD01,医院服务,Hospital services,276.555,M02,
2014-03,CUUR0000SEMD01,医院服务,Hospital services,277.974,M03,
2014-04,CUUR0000SEMD01,医院服务,Hospital services,278.496,M04,
2014-05,CUUR0000SEMD01,医院服务,Hospital services,278.568,M05,
2014-06,CUUR0000SEMD01,医院服务,Hospital services,278.695,M06,
2014-07,CUUR0000SEMD01,医院服务,Hospital services,279.587,M07,
2014-08,CUUR0000SEMD01,医院服务,Hospital services,278.608,M08,
2014-09,CUUR0000SEMD01,医院服务,Hospital services,279.54,M09,
2014-10,CUUR0000SEMD01,医院服务,Hospital services,280.496,M10,
2014-11,CUUR0000SEMD01,医院服务,Hospital services,281.491,M11,
2014-12,CUUR0000SEMD01,医院服务,Hospital services,282.547,M12,
2015-01,CUUR0000SEMD01,医院服务,Hospital services,284.225,M01,
2015-02,CUUR0000SEMD01,医院服务,Hospital services,286.308,M02,
2015-03,CUUR0000SEMD01,医院服务,Hospital services,287.42,M03,
2015-04,CUUR0000SEMD01,医院服务,Hospital services,291.775,M04,
2015-05,CUUR0000SEMD01,医院服务,Hospital services,292.257,M05,
2015-06,CUUR0000SEMD01,医院服务,Hospital services,288.959,M06,
2015-07,CUUR0000SEMD01,医院服务,Hospital services,288.895,M07,
2015-08,CUUR0000SEMD01,医院服务,Hospital services,288.181,M08,
2015-09,CUUR0000SEMD01,医院服务,Hospital services,289.134,M09,
2015-10,CUUR0000SEMD01,医院服务,Hospital services,295.282,M10,
2015-11,CUUR0000SEMD01,医院服务,Hospital services,294.765,M11,
2015-12,CUUR0000SEMD01,医院服务,Hospital services,294.377,M12,
2016-01,CUUR0000SEMD01,医院服务,Hospital services,297.252,M01,
2016-02,CUUR0000SEMD01,医院服务,Hospital services,301.007,M02,
2016-03,CUUR0000SEMD01,医院服务,Hospital services,300.303,M03,
2016-04,CUUR0000SEMD01,医院服务,Hospital services,300.733,M04,
2016-05,CUUR0000SEMD01,医院服务,Hospital services,301.713,M05,
2016-06,CUUR0000SEMD01,医院服务,Hospital services,301.277,M06,
2016-07,CUUR0000SEMD01,医院服务,Hospital services,302.161,M07,
2016-08,CUUR0000SEMD01,医院服务,Hospital services,305.972,M08,
2016-09,CUUR0000SEMD01,医院服务,Hospital services,306.404,M09,
2016-10,CUUR0000SEMD01,医院服务,Hospital services,307.433,M10,
2016-11,CUUR0000SEMD01,医院服务,Hospital services,307.403,M11,
2016-12,CUUR0000SEMD01,医院服务,Hospital services,307.465,M12,
2017-01,CUUR0000SEMD01,医院服务,Hospital services,309.929,M01,
2017-02,CUUR0000SEMD01,医院服务,Hospital services,313.974,M02,
2017-03,CUUR0000SEMD01,医院服务,Hospital services,314.529,M03,
2017-04,CUUR0000SEMD01,医院服务,Hospital services,317.053,M04,
2017-05,CUUR0000SEMD01,医院服务,Hospital services,316.653,M05,
2017-06,CUUR0000SEMD01,医院服务,Hospital services,318.313,M06,
2017-07,CUUR0000SEMD01,医院服务,Hospital services,319.387,M07,
2017-08,CUUR0000SEMD01,医院服务,Hospital services,319.394,M08,
2017-09,CUUR0000SEMD01,医院服务,Hospital services,320.449,M09,
2017-10,CUUR0000SEMD01,医院服务,Hospital services,322.368,M10,
2017-11,CUUR0000SEMD01,医院服务,Hospital services,322.871,M11,
2017-12,CUUR0000SEMD01,医院服务,Hospital services,323.114,M12,
1998-01,CUUR0000SEEB01,大学学费,College tuition and fees,302.5,M01,
1998-02,CUUR0000SEEB01,大学学费,College tuition and fees,302.4,M02,
1998-03,CUUR0000SEEB01,大学学费,College tuition and fees,302.4,M03,
1998-04,CUUR0000SEEB01,大学学费,College tuition and fees,302.4,M04,
1998-05,CUUR0000SEEB01,大学学费,College tuition and fees,302.4,M05,
1998-06,CUUR0000SEEB01,大学学费,College tuition and fees,302.3,M06,
1998-07,CUUR0000SEEB01,大学学费,College tuition and fees,303.1,M07,
1998-08,CUUR0000SEEB01,大学学费,College tuition and fees,307.4,M08,
1998-09,CUUR0000SEEB01,大学学费,College tuition and fees,312.9,M09,
1998-10,CUUR0000SEEB01,大学学费,College tuition and fees,313.3,M10,
1998-11,CUUR0000SEEB01,大学学费,College tuition and fees,313.6,M11,
1998-12,CUUR0000SEEB01,大学学费,College tuition and fees,313.6,M12,
1999-01,CUUR0000SEEB01,大学学费,College tuition and fees,314.1,M01,
1999-02,CUUR0000SEEB01,大学学费,College tuition and fees,314.5,M02,
1999-03,CUUR0000SEEB01,大学学费,College tuition and fees,314.5,M03,
1999-04,CUUR0000SEEB01,大学学费,College tuition and fees,314.5,M04,
1999-05,CUUR0000SEEB01,大学学费,College tuition and fees,314.5,M05,
1999-06,CUUR0000SEEB01,大学学费,College tuition and fees,314.1,M06,
1999-07,CUUR0000SEEB01,大学学费,College tuition and fees,314.9,M07,
1999-08,CUUR0000SEEB01,大学学费,College tuition and fees,319.5,M08,
1999-09,CUUR0000SEEB01,大学学费,College tuition and fees,325.5,M09,
1999-10,CUUR0000SEEB01,大学学费,College tuition and fees,326.0,M10,
1999-11,CUUR0000SEEB01,大学学费,College tuition and fees,326.1,M11,
1999-12,CUUR0000SEEB01,大学学费,College tuition and fees,326.1,M12,
2000-01,CUUR0000SEEB01,大学学费,College tuition and fees,326.0,M01,
2000-02,CUUR0000SEEB01,大学学费,College tuition and fees,326.2,M02,
2000-03,CUUR0000SEEB01,大学学费,College tuition and fees,326.1,M03,
2000-04,CUUR0000SEEB01,大学学费,College tuition and fees,326.1,M04,
2000-05,CUUR0000SEEB01,大学学费,College tuition and fees,326.6,M05,
2000-06,CUUR0000SEEB01,大学学费,College tuition and fees,327.8,M06,
2000-07,CUUR0000SEEB01,大学学费,College tuition and fees,328.6,M07,
2000-08,CUUR0000SEEB01,大学学费,College tuition and fees,333.1,M08,
2000-09,CUUR0000SEEB01,大学学费,College tuition and fees,339.5,M09,
2000-10,CUUR0000SEEB01,大学学费,College tuition and fees,340.7,M10,
2000-11,CUUR0000SEEB01,大学学费,College tuition and fees,340.8,M11,
2000-12,CUUR0000SEEB01,大学学费,College tuition and fees,340.9,M12,
2001-01,CUUR0000SEEB01,大学学费,College tuition and fees,340.8,M01,
2001-02,CUUR0000SEEB01,大学学费,College tuition and fees,341.0,M02,
2001-03,CUUR0000SEEB01,大学学费,College tuition and fees,340.9,M03,
2001-04,CUUR0000SEEB01,大学学费,College tuition and fees,340.9,M04,
2001-05,CUUR0000SEEB01,大学学费,College tuition and fees,341.4,M05,
2001-06,CUUR0000SEEB01,大学学费,College tuition and fees,341.7,M06,
2001-07,CUUR0000SEEB01,大学学费,College tuition and fees,342.7,M07,
2001-08,CUUR0000SEEB01,大学学费,College tuition and fees,351.9,M08,
2001-09,CUUR0000SEEB01,大学学费,College tuition and fees,359.9,M09,
2001-10,CUUR0000SEEB01,大学学费,College tuition and fees,361.1,M10,
2001-11,CUUR0000SEEB01,大学学费,College tuition and fees,361.8,M11,
2001-12,CUUR0000SEEB01,大学学费,College tuition and fees,361.9,M12,
2002-01,CUUR0000SEEB01,大学学费,College tuition and fees,362.4,M01,
2002-02,CUUR0000SEEB01,大学学费,College tuition and fees,362.9,M02,
2002-03,CUUR0000SEEB01,大学学费,College tuition and fees,362.9,M03,
2002-04,CUUR0000SEEB01,大学学费,College tuition and fees,363.0,M04,
2002-05,CUUR0000SEEB01,大学学费,College tuition and fees,363.7,M05,
2002-06,CUUR0000SEEB01,大学学费,College tuition and fees,365.1,M06,
2002-07,CUUR0000SEEB01,大学学费,College tuition and fees,366.6,M07,
2002-08,CUUR0000SEEB01,大学学费,College tuition and fees,376.9,M08,
2002-09,CUUR0000SEEB01,大学学费,College tuition and fees,385.9,M09,
2002-10,CUUR0000SEEB01,大学学费,College tuition and fees,387.3,M10,
2002-11,CUUR0000SEEB01,大学学费,College tuition and fees,387.5,M11,
2002-12,CUUR0000SEEB01,大学学费,College tuition and fees,387.4,M12,
2003-01,CUUR0000SEEB01,大学学费,College tuition and fees,388.6,M01,
2003-02,CUUR0000SEEB01,大学学费,College tuition and fees,389.4,M02,
2003-03,CUUR0000SEEB01,大学学费,College tuition and fees,389.6,M03,
2003-04,CUUR0000SEEB01,大学学费,College tuition and fees,390.0,M04,
2003-05,CUUR0000SEEB01,大学学费,College tuition and fees,390.6,M05,
2003-06,CUUR0000SEEB01,大学学费,College tuition and fees,392.0,M06,
2003-07,CUUR0000SEEB01,大学学费,College tuition and fees,395.1,M07,
2003-08,CUUR0000SEEB01,大学学费,College tuition and fees,412.8,M08,
2003-09,CUUR0000SEEB01,大学学费,College tuition and fees,422.6,M09,
2003-10,CUUR0000SEEB01,大学学费,College tuition and fees,424.9,M10,
2003-11,CUUR0000SEEB01,大学学费,College tuition and fees,425.1,M11,
2003-12,CUUR0000SEEB01,大学学费,College tuition and fees,425.5,M12,
2004-01,CUUR0000SEEB01,大学学费,College tuition and fees,428.4,M01,
2004-02,CUUR0000SEEB01,大学学费,College tuition and fees,428.9,M02,
2004-03,CUUR0000SEEB01,大学学费,College tuition and fees,429.3,M03,
2004-04,CUUR0000SEEB01,大学学费,College tuition and fees,429.4,M04,
2004-05,CUUR0000SEEB01,大学学费,College tuition and fees,430.5,M05,
2004-06,CUUR0000SEEB01,大学学费,College tuition and fees,431.6,M06,
2004-07,CUUR0000SEEB01,大学学费,College tuition and fees,433.8,M07,
2004-08,CUUR0000SEEB01,大学学费,College tuition and fees,447.6,M08,
2004-09,CUUR0000SEEB01,大学学费,College tuition and fees,460.4,M09,
2004-10,CUUR0000SEEB01,大学学费,College tuition and fees,461.3,M10,
2004-11,CUUR0000SEEB01,大学学费,College tuition and fees,462.0,M11,
2004-12,CUUR0000SEEB01,大学学费,College tuition and fees,462.2,M12,
2005-01,CUUR0000SEEB01,大学学费,College tuition and fees,462.4,M01,
2005-02,CUUR0000SEEB01,大学学费,College tuition and fees,463.0,M02,
2005-03,CUUR0000SEEB01,大学学费,College tuition and fees,463.2,M03,
2005-04,CUUR0000SEEB01,大学学费,College tuition and fees,463.2,M04,
2005-05,CUUR0000SEEB01,大学学费,College tuition and fees,465.2,M05,
2005-06,CUUR0000SEEB01,大学学费,College tuition and fees,466.6,M06,
2005-07,CUUR0000SEEB01,大学学费,College tuition and fees,468.1,M07,
2005-08,CUUR0000SEEB01,大学学费,College tuition and fees,480.4,M08,
2005-09,CUUR0000SEEB01,大学学费,College tuition and fees,491.9,M09,
2005-10,CUUR0000SEEB01,大学学费,College tuition and fees,492.1,M10,
2005-11,CUUR0000SEEB01,大学学费,College tuition and fees,492.6,M11,
2005-12,CUUR0000SEEB01,大学学费,College tuition and fees,492.8,M12,
2006-01,CUUR0000SEEB01,大学学费,College tuition and fees,493.5,M01,
2006-02,CUUR0000SEEB01,大学学费,College tuition and fees,493.5,M02,
2006-03,CUUR0000SEEB01,大学学费,College tuition and fees,493.5,M03,
2006-04,CUUR0000SEEB01,大学学费,College tuition and fees,493.8,M04,
2006-05,CUUR0000SEEB01,大学学费,College tuition and fees,495.2,M05,
2006-06,CUUR0000SEEB01,大学学费,College tuition and fees,496.4,M06,
2006-07,CUUR0000SEEB01,大学学费,College tuition and fees,499.7,M07,
2006-08,CUUR0000SEEB01,大学学费,College tuition and fees,514.3,M08,
2006-09,CUUR0000SEEB01,大学学费,College tuition and fees,523.9,M09,
2006-10,CUUR0000SEEB01,大学学费,College tuition and fees,525.4,M10,
2006-11,CUUR0000SEEB01,大学学费,College tuition and fees,527.2,M11,
2006-12,CUUR0000SEEB01,大学学费,College tuition and fees,527.2,M12,
2007-01,CUUR0000SEEB01,大学学费,College tuition and fees,526.174,M01,
2007-02,CUUR0000SEEB01,大学学费,College tuition and fees,526.636,M02,
2007-03,CUUR0000SEEB01,大学学费,College tuition and fees,526.508,M03,
2007-04,CUUR0000SEEB01,大学学费,College tuition and fees,526.172,M04,
2007-05,CUUR0000SEEB01,大学学费,College tuition and fees,527.057,M05,
2007-06,CUUR0000SEEB01,大学学费,College tuition and fees,527.625,M06,
2007-07,CUUR0000SEEB01,大学学费,College tuition and fees,530.862,M07,
2007-08,CUUR0000SEEB01,大学学费,College tuition and fees,544.923,M08,
2007-09,CUUR0000SEEB01,大学学费,College tuition and fees,552.903,M09,
2007-10,CUUR0000SEEB01,大学学费,College tuition and fees,557.222,M10,
2007-11,CUUR0000SEEB01,大学学费,College tuition and fees,558.975,M11,
2007-12,CUUR0000SEEB01,大学学费,College tuition and fees,559.19,M12,
2008-01,CUUR0000SEEB01,大学学费,College tuition and fees,559.517,M01,
2008-02,CUUR0000SEEB01,大学学费,College tuition and fees,559.173,M02,
2008-03,CUUR0000SEEB01,大学学费,College tuition and fees,558.452,M03,
2008-04,CUUR0000SEEB01,大学学费,College tuition and fees,559.78,M04,
2008-05,CUUR0000SEEB01,大学学费,College tuition and fees,560.613,M05,
2008-06,CUUR0000SEEB01,大学学费,College tuition and fees,561.148,M06,
2008-07,CUUR0000SEEB01,大学学费,College tuition and fees,564.552,M07,
2008-08,CUUR0000SEEB01,大学学费,College tuition and fees,579.448,M08,
2008-09,CUUR0000SEEB01,大学学费,College tuition and fees,589.815,M09,
2008-10,CUUR0000SEEB01,大学学费,College tuition and fees,591.328,M10,
2008-11,CUUR0000SEEB01,大学学费,College tuition and fees,591.765,M11,
2008-12,CUUR0000SEEB01,大学学费,College tuition and fees,591.804,M12,
2009-01,CUUR0000SEEB01,大学学费,College tuition and fees,592.071,M01,
2009-02,CUUR0000SEEB01,大学学费,College tuition and fees,591.782,M02,
2009-03,CUUR0000SEEB01,大学学费,College tuition and fees,591.115,M03,
2009-04,CUUR0000SEEB01,大学学费,College tuition and fees,591.571,M04,
2009-05,CUUR0000SEEB01,大学学费,College tuition and fees,593.848,M05,
2009-06,CUUR0000SEEB01,大学学费,College tuition and fees,594.178,M06,
2009-07,CUUR0000SEEB01,大学学费,College tuition and fees,597.671,M07,
2009-08,CUUR0000SEEB01,大学学费,College tuition and fees,617.211,M08,
2009-09,CUUR0000SEEB01,大学学费,College tuition and fees,627.302,M09,
2009-10,CUUR0000SEEB01,大学学费,College tuition and fees,628.981,M10,
2009-11,CUUR0000SEEB01,大学学费,College tuition and fees,627.294,M11,
2009-12,CUUR0000SEEB01,大学学费,College tuition and fees,627.061,M12,
2010-01,CUUR0000SEEB01,大学学费,College tuition and fees,626.472,M01,
2010-02,CUUR0000SEEB01,大学学费,College tuition and fees,625.578,M02,
2010-03,CUUR0000SEEB01,大学学费,College tuition and fees,626.817,M03,
2010-04,CUUR0000SEEB01,大学学费,College tuition and fees,627.711,M04,
2010-05,CUUR0000SEEB01,大学学费,College tuition and fees,628.329,M05,
2010-06,CUUR0000SEEB01,大学学费,College tuition and fees,628.66,M06,
2010-07,CUUR0000SEEB01,大学学费,College tuition and fees,632.236,M07,
2010-08,CUUR0000SEEB01,大学学费,College tuition and fees,648.857,M08,
2010-09,CUUR0000SEEB01,大学学费,College tuition and fees,654.649,M09,
2010-10,CUUR0000SEEB01,大学学费,College tuition and fees,653.037,M10,
2010-11,CUUR0000SEEB01,大学学费,College tuition and fees,653.414,M11,
2010-12,CUUR0000SEEB01,大学学费,College tuition and fees,652.495,M12,
2011-01,CUUR0000SEEB01,大学学费,College tuition and fees,654.725,M01,
2011-02,CUUR0000SEEB01,大学学费,College tuition and fees,655.271,M02,
2011-03,CUUR0000SEEB01,大学学费,College tuition and fees,655.15,M03,
2011-04,CUUR0000SEEB01,大学学费,College tuition and fees,654.936,M04,
2011-05,CUUR0000SEEB01,大学学费,College tuition and fees,656.645,M05,
2011-06,CUUR0000SEEB01,大学学费,College tuition and fees,656.413,M06,
2011-07,CUUR0000SEEB01,大学学费,College tuition and fees,662.041,M07,
2011-08,CUUR0000SEEB01,大学学费,College tuition and fees,683.007,M08,
2011-09,CUUR0000SEEB01,大学学费,College tuition and fees,691.049,M09,
2011-10,CUUR0000SEEB01,大学学费,College tuition and fees,690.238,M10,
2011-11,CUUR0000SEEB01,大学学费,College tuition and fees,691.764,M11,
2011-12,CUUR0000SEEB01,大学学费,College tuition and fees,691.768,M12,
2012-01,CUUR0000SEEB01,大学学费,College tuition and fees,691.26,M01,
2012-02,CUUR0000SEEB01,大学学费,College tuition and fees,690.527,M02,
2012-03,CUUR0000SEEB01,大学学费,College tuition and fees,690.57,M03,
2012-04,CUUR0000SEEB01,大学学费,College tuition and fees,690.168,M04,
2012-05,CUUR0000SEEB01,大学学费,College tuition and fees,691.213,M05,
2012-06,CUUR0000SEEB01,大学学费,College tuition and fees,691.295,M06,
2012-07,CUUR0000SEEB01,大学学费,College tuition and fees,697.731,M07,
2012-08,CUUR0000SEEB01,大学学费,College tuition and fees,711.449,M08,
2012-09,CUUR0000SEEB01,大学学费,College tuition and fees,718.908,M09,
2012-10,CUUR0000SEEB01,大学学费,College tuition and fees,720.332,M10,
2012-11,CUUR0000SEEB01,大学学费,College tuition and fees,719.962,M11,
2012-12,CUUR0000SEEB01,大学学费,College tuition and fees,719.677,M12,
2013-01,CUUR0000SEEB01,大学学费,College tuition and fees,722.477,M01,
2013-02,CUUR0000SEEB01,大学学费,College tuition and fees,721.998,M02,
2013-03,CUUR0000SEEB01,大学学费,College tuition and fees,721.916,M03,
2013-04,CUUR0000SEEB01,大学学费,College tuition and fees,721.857,M04,
2013-05,CUUR0000SEEB01,大学学费,College tuition and fees,722.134,M05,
2013-06,CUUR0000SEEB01,大学学费,College tuition and fees,722.695,M06,
2013-07,CUUR0000SEEB01,大学学费,College tuition and fees,727.001,M07,
2013-08,CUUR0000SEEB01,大学学费,College tuition and fees,741.147,M08,
2013-09,CUUR0000SEEB01,大学学费,College tuition and fees,745.701,M09,
2013-10,CUUR0000SEEB01,大学学费,College tuition and fees,746.81,M10,
2013-11,CUUR0000SEEB01,大学学费,College tuition and fees,747.794,M11,
2013-12,CUUR0000SEEB01,大学学费,College tuition and fees,747.746,M12,
2014-01,CUUR0000SEEB01,大学学费,College tuition and fees,747.922,M01,
2014-02,CUUR0000SEEB01,大学学费,College tuition and fees,749.968,M02,
2014-03,CUUR0000SEEB01,大学学费,College tuition and fees,749.95,M03,
2014-04,CUUR0000SEEB01,大学学费,College tuition and fees,750.429,M04,
2014-05,CUUR0000SEEB01,大学学费,College tuition and fees,751.029,M05,
2014-06,CUUR0000SEEB01,大学学费,College tuition and fees,752.627,M06,
2014-07,CUUR0000SEEB01,大学学费,College tuition and fees,755.393,M07,
2014-08,CUUR0000SEEB01,大学学费,College tuition and fees,765.78,M08,
2014-09,CUUR0000SEEB01,大学学费,College tuition and fees,770.737,M09,
2014-10,CUUR0000SEEB01,大学学费,College tuition and fees,773.055,M10,
2014-11,CUUR0000SEEB01,大学学费,College tuition and fees,773.641,M11,
2014-12,CUUR0000SEEB01,大学学费,College tuition and fees,773.407,M12,
2015-01,CUUR0000SEEB01,大学学费,College tuition and fees,775.175,M01,
2015-02,CUUR0000SEEB01,大学学费,College tuition and fees,775.041,M02,
2015-03,CUUR0000SEEB01,大学学费,College tuition and fees,775.426,M03,
2015-04,CUUR0000SEEB01,大学学费,College tuition and fees,776.19,M04,
2015-05,CUUR0000SEEB01,大学学费,College tuition and fees,776.379,M05,
2015-06,CUUR0000SEEB01,大学学费,College tuition and fees,778.244,M06,
2015-07,CUUR0000SEEB01,大学学费,College tuition and fees,781.714,M07,
2015-08,CUUR0000SEEB01,大学学费,College tuition and fees,791.039,M08,
2015-09,CUUR0000SEEB01,大学学费,College tuition and fees,799.221,M09,
2015-10,CUUR0000SEEB01,大学学费,College tuition and fees,800.426,M10,
2015-11,CUUR0000SEEB01,大学学费,College tuition and fees,800.652,M11,
2015-12,CUUR0000SEEB01,大学学费,College tuition and fees,800.69,M12,
2016-01,CUUR0000SEEB01,大学学费,College tuition and fees,799.117,M01,
2016-02,CUUR0000SEEB01,大学学费,College tuition and fees,799.623,M02,
2016-03,CUUR0000SEEB01,大学学费,College tuition and fees,799.161,M03,
2016-04,CUUR0000SEEB01,大学学费,College tuition and fees,799.719,M04,
2016-05,CUUR0000SEEB01,大学学费,College tuition and fees,800.455,M05,
2016-06,CUUR0000SEEB01,大学学费,College tuition and fees,801.542,M06,
2016-07,CUUR0000SEEB01,大学学费,College tuition and fees,802.771,M07,
2016-08,CUUR0000SEEB01,大学学费,College tuition and fees,809.626,M08,
2016-09,CUUR0000SEEB01,大学学费,College tuition and fees,816.562,M09,
2016-10,CUUR0000SEEB01,大学学费,College tuition and fees,818.267,M10,
2016-11,CUUR0000SEEB01,大学学费,College tuition and fees,817.8,M11,
2016-12,CUUR0000SEEB01,大学学费,College tuition and fees,819.362,M12,
2017-01,CUUR0000SEEB01,大学学费,College tuition and fees,815.911,M01,
2017-02,CUUR0000SEEB01,大学学费,College tuition and fees,815.947,M02,
2017-03,CUUR0000SEEB01,大学学费,College tuition and fees,814.019,M03,
2017-04,CUUR0000SEEB01,大学学费,College tuition and fees,814.222,M04,
2017-05,CUUR0000SEEB01,大学学费,College tuition and fees,814.19,M05,
2017-06,CUUR0000SEEB01,大学学费,College tuition and fees,817.117,M06,
2017-07,CUUR0000SEEB01,大学学费,College tuition and fees,818.581,M07,
2017-08,CUUR0000SEEB01,大学学费,College tuition and fees,824.932,M08,
2017-09,CUUR0000SEEB01,大学学费,College tuition and fees,833.581,M09,
2017-10,CUUR0000SEEB01,大学学费,College tuition and fees,835.999,M10,
2017-11,CUUR0000SEEB01,大学学费,College tuition and fees,836.506,M11,
2017-12,CUUR0000SEEB01,大学学费,College tuition and fees,836.546,M12,
1998-01,CUUR0000SAM2,医疗护理服务,Medical care services,242.9,M01,
1998-02,CUUR0000SAM2,医疗护理服务,Medical care services,244.2,M02,
1998-03,CUUR0000SAM2,医疗护理服务,Medical care services,244.8,M03,
1998-04,CUUR0000SAM2,医疗护理服务,Medical care services,245.4,M04,
1998-05,CUUR0000SAM2,医疗护理服务,Medical care services,245.9,M05,
1998-06,CUUR0000SAM2,医疗护理服务,Medical care services,246.5,M06,
1998-07,CUUR0000SAM2,医疗护理服务,Medical care services,247.4,M07,
1998-08,CUUR0000SAM2,医疗护理服务,Medical care services,248.2,M08,
1998-09,CUUR0000SAM2,医疗护理服务,Medical care services,248.4,M09,
1998-10,CUUR0000SAM2,医疗护理服务,Medical care services,249.0,M10,
1998-11,CUUR0000SAM2,医疗护理服务,Medical care services,249.3,M11,
1998-12,CUUR0000SAM2,医疗护理服务,Medical care services,249.6,M12,
1999-01,CUUR0000SAM2,医疗护理服务,Medical care services,251.3,M01,
1999-02,CUUR0000SAM2,医疗护理服务,Medical care services,252.6,M02,
1999-03,CUUR0000SAM2,医疗护理服务,Medical care services,253.1,M03,
1999-04,CUUR0000SAM2,医疗护理服务,Medical care services,253.5,M04,
1999-05,CUUR0000SAM2,医疗护理服务,Medical care services,254.0,M05,
1999-06,CUUR0000SAM2,医疗护理服务,Medical care services,254.6,M06,
1999-07,CUUR0000SAM2,医疗护理服务,Medical care services,255.5,M07,
1999-08,CUUR0000SAM2,医疗护理服务,Medical care services,256.2,M08,
1999-09,CUUR0000SAM2,医疗护理服务,Medical care services,256.6,M09,
1999-10,CUUR0000SAM2,医疗护理服务,Medical care services,257.1,M10,
1999-11,CUUR0000SAM2,医疗护理服务,Medical care services,257.7,M11,
1999-12,CUUR0000SAM2,医疗护理服务,Medical care services,258.5,M12,
2000-01,CUUR0000SAM2,医疗护理服务,Medical care services,260.1,M01,
2000-02,CUUR0000SAM2,医疗护理服务,Medical care services,262.0,M02,
2000-03,CUUR0000SAM2,医疗护理服务,Medical care services,263.2,M03,
2000-04,CUUR0000SAM2,医疗护理服务,Medical care services,263.9,M04,
2000-05,CUUR0000SAM2,医疗护理服务,Medical care services,264.4,M05,
2000-06,CUUR0000SAM2,医疗护理服务,Medical care services,265.6,M06,
2000-07,CUUR0000SAM2,医疗护理服务,Medical care services,266.7,M07,
2000-08,CUUR0000SAM2,医疗护理服务,Medical care services,268.0,M08,
2000-09,CUUR0000SAM2,医疗护理服务,Medical care services,268.7,M09,
2000-10,CUUR0000SAM2,医疗护理服务,Medical care services,269.4,M10,
2000-11,CUUR0000SAM2,医疗护理服务,Medical care services,269.8,M11,
2000-12,CUUR0000SAM2,医疗护理服务,Medical care services,270.4,M12,
2001-01,CUUR0000SAM2,医疗护理服务,Medical care services,273.0,M01,
2001-02,CUUR0000SAM2,医疗护理服务,Medical care services,274.9,M02,
2001-03,CUUR0000SAM2,医疗护理服务,Medical care services,275.9,M03,
2001-04,CUUR0000SAM2,医疗护理服务,Medical care services,276.8,M04,
2001-05,CUUR0000SAM2,医疗护理服务,Medical care services,277.3,M05,
2001-06,CUUR0000SAM2,医疗护理服务,Medical care services,278.3,M06,
2001-07,CUUR0000SAM2,医疗护理服务,Medical care services,278.9,M07,
2001-08,CUUR0000SAM2,医疗护理服务,Medical care services,280.5,M08,
2001-09,CUUR0000SAM2,医疗护理服务,Medical care services,281.0,M09,
2001-10,CUUR0000SAM2,医疗护理服务,Medical care services,282.0,M10,
2001-11,CUUR0000SAM2,医疗护理服务,Medical care services,283.0,M11,
2001-12,CUUR0000SAM2,医疗护理服务,Medical care services,283.5,M12,
2002-01,CUUR0000SAM2,医疗护理服务,Medical care services,286.2,M01,
2002-02,CUUR0000SAM2,医疗护理服务,Medical care services,287.7,M02,
2002-03,CUUR0000SAM2,医疗护理服务,Medical care services,288.9,M03,
2002-04,CUUR0000SAM2,医疗护理服务,Medical care services,290.2,M04,
2002-05,CUUR0000SAM2,医疗护理服务,Medical care services,291.2,M05,
2002-06,CUUR0000SAM2,医疗护理服务,Medical care services,291.7,M06,
2002-07,CUUR0000SAM2,医疗护理服务,Medical care services,293.8,M07,
2002-08,CUUR0000SAM2,医疗护理服务,Medical care services,294.7,M08,
2002-09,CUUR0000SAM2,医疗护理服务,Medical care services,295.2,M09,
2002-10,CUUR0000SAM2,医疗护理服务,Medical care services,297.1,M10,
2002-11,CUUR0000SAM2,医疗护理服务,Medical care services,298.5,M11,
2002-12,CUUR0000SAM2,医疗护理服务,Medical care services,299.4,M12,
2003-01,CUUR0000SAM2,医疗护理服务,Medical care services,300.8,M01,
2003-02,CUUR0000SAM2,医疗护理服务,Medical care services,302.3,M02,
2003-03,CUUR0000SAM2,医疗护理服务,Medical care services,302.6,M03,
2003-04,CUUR0000SAM2,医疗护理服务,Medical care services,303.1,M04,
2003-05,CUUR0000SAM2,医疗护理服务,Medical care services,304.2,M05,
2003-06,CUUR0000SAM2,医疗护理服务,Medical care services,305.2,M06,
2003-07,CUUR0000SAM2,医疗护理服务,Medical care services,306.4,M07,
2003-08,CUUR0000SAM2,医疗护理服务,Medical care services,307.2,M08,
2003-09,CUUR0000SAM2,医疗护理服务,Medical care services,308.2,M09,
2003-10,CUUR0000SAM2,医疗护理服务,Medical care services,309.1,M10,
2003-11,CUUR0000SAM2,医疗护理服务,Medical care services,310.6,M11,
2003-12,CUUR0000SAM2,医疗护理服务,Medical care services,311.9,M12,
2004-01,CUUR0000SAM2,医疗护理服务,Medical care services,313.8,M01,
2004-02,CUUR0000SAM2,医疗护理服务,Medical care services,316.6,M02,
2004-03,CUUR0000SAM2,医疗护理服务,Medical care services,318.4,M03,
2004-04,CUUR0000SAM2,医疗护理服务,Medical care services,319.2,M04,
2004-05,CUUR0000SAM2,医疗护理服务,Medical care services,319.8,M05,
2004-06,CUUR0000SAM2,医疗护理服务,Medical care services,321.0,M06,
2004-07,CUUR0000SAM2,医疗护理服务,Medical care services,322.3,M07,
2004-08,CUUR0000SAM2,医疗护理服务,Medical care services,323.1,M08,
2004-09,CUUR0000SAM2,医疗护理服务,Medical care services,323.7,M09,
2004-10,CUUR0000SAM2,医疗护理服务,Medical care services,324.8,M10,
2004-11,CUUR0000SAM2,医疗护理服务,Medical care services,326.0,M11,
2004-12,CUUR0000SAM2,医疗护理服务,Medical care services,327.3,M12,
2005-01,CUUR0000SAM2,医疗护理服务,Medical care services,329.5,M01,
2005-02,CUUR0000SAM2,医疗护理服务,Medical care services,332.5,M02,
2005-03,CUUR0000SAM2,医疗护理服务,Medical care services,334.3,M03,
2005-04,CUUR0000SAM2,医疗护理服务,Medical care services,335.2,M04,
2005-05,CUUR0000SAM2,医疗护理服务,Medical care services,335.9,M05,
2005-06,CUUR0000SAM2,医疗护理服务,Medical care services,336.3,M06,
2005-07,CUUR0000SAM2,医疗护理服务,Medical care services,337.8,M07,
2005-08,CUUR0000SAM2,医疗护理服务,Medical care services,337.3,M08,
2005-09,CUUR0000SAM2,医疗护理服务,Medical care services,337.9,M09,
2005-10,CUUR0000SAM2,医疗护理服务,Medical care services,339.7,M10,
2005-11,CUUR0000SAM2,医疗护理服务,Medical care services,341.7,M11,
2005-12,CUUR0000SAM2,医疗护理服务,Medical care services,342.0,M12,
2006-01,CUUR0000SAM2,医疗护理服务,Medical care services,342.9,M01,
2006-02,CUUR0000SAM2,医疗护理服务,Medical care services,346.1,M02,
2006-03,CUUR0000SAM2,医疗护理服务,Medical care services,348.0,M03,
2006-04,CUUR0000SAM2,医疗护理服务,Medical care services,348.8,M04,
2006-05,CUUR0000SAM2,医疗护理服务,Medical care services,349.7,M05,
2006-06,CUUR0000SAM2,医疗护理服务,Medical care services,350.3,M06,
2006-07,CUUR0000SAM2,医疗护理服务,Medical care services,351.2,M07,
2006-08,CUUR0000SAM2,医疗护理服务,Medical care services,352.1,M08,
2006-09,CUUR0000SAM2,医疗护理服务,Medical care services,352.7,M09,
2006-10,CUUR0000SAM2,医疗护理服务,Medical care services,354.0,M10,
2006-11,CUUR0000SAM2,医疗护理服务,Medical care services,355.6,M11,
2006-12,CUUR0000SAM2,医疗护理服务,Medical care services,356.0,M12,
2007-01,CUUR0000SAM2,医疗护理服务,Medical care services,359.757,M01,
2007-02,CUUR0000SAM2,医疗护理服务,Medical care services,363.908,M02,
2007-03,CUUR0000SAM2,医疗护理服务,Medical care services,365.164,M03,
2007-04,CUUR0000SAM2,医疗护理服务,Medical care services,366.07,M04,
2007-05,CUUR0000SAM2,医疗护理服务,Medical care services,367.127,M05,
2007-06,CUUR0000SAM2,医疗护理服务,Medical care services,367.758,M06,
2007-07,CUUR0000SAM2,医疗护理服务,Medical care services,370.008,M07,
2007-08,CUUR0000SAM2,医疗护理服务,Medical care services,371.461,M08,
2007-09,CUUR0000SAM2,医疗护理服务,Medical care services,372.432,M09,
2007-10,CUUR0000SAM2,医疗护理服务,Medical care services,374.75,M10,
2007-11,CUUR0000SAM2,医疗护理服务,Medical care services,376.25,M11,
2007-12,CUUR0000SAM2,医疗护理服务,Medical care services,376.94,M12,
2008-01,CUUR0000SAM2,医疗护理服务,Medical care services,380.135,M01,
2008-02,CUUR0000SAM2,医疗护理服务,Medical care services,382.196,M02,
2008-03,CUUR0000SAM2,医疗护理服务,Medical care services,382.872,M03,
2008-04,CUUR0000SAM2,医疗护理服务,Medical care services,383.292,M04,
2008-05,CUUR0000SAM2,医疗护理服务,Medical care services,384.505,M05,
2008-06,CUUR0000SAM2,医疗护理服务,Medical care services,384.685,M06,
2008-07,CUUR0000SAM2,医疗护理服务,Medical care services,385.361,M07,
2008-08,CUUR0000SAM2,医疗护理服务,Medical care services,385.99,M08,
2008-09,CUUR0000SAM2,医疗护理服务,Medical care services,386.579,M09,
2008-10,CUUR0000SAM2,医疗护理服务,Medical care services,387.44,M10,
2008-11,CUUR0000SAM2,医疗护理服务,Medical care services,387.992,M11,
2008-12,CUUR0000SAM2,医疗护理服务,Medical care services,388.267,M12,
2009-01,CUUR0000SAM2,医疗护理服务,Medical care services,391.365,M01,
2009-02,CUUR0000SAM2,医疗护理服务,Medical care services,394.047,M02,
2009-03,CUUR0000SAM2,医疗护理服务,Medical care services,394.837,M03,
2009-04,CUUR0000SAM2,医疗护理服务,Medical care services,395.753,M04,
2009-05,CUUR0000SAM2,医疗护理服务,Medical care services,396.648,M05,
2009-06,CUUR0000SAM2,医疗护理服务,Medical care services,396.75,M06,
2009-07,CUUR0000SAM2,医疗护理服务,Medical care services,397.868,M07,
2009-08,CUUR0000SAM2,医疗护理服务,Medical care services,398.303,M08,
2009-09,CUUR0000SAM2,医疗护理服务,Medical care services,399.16,M09,
2009-10,CUUR0000SAM2,医疗护理服务,Medical care services,400.015,M10,
2009-11,CUUR0000SAM2,医疗护理服务,Medical care services,401.392,M11,
2009-12,CUUR0000SAM2,医疗护理服务,Medical care services,401.452,M12,
2010-01,CUUR0000SAM2,医疗护理服务,Medical care services,404.937,M01,
2010-02,CUUR0000SAM2,医疗护理服务,Medical care services,408.447,M02,
2010-03,CUUR0000SAM2,医疗护理服务,Medical care services,409.687,M03,
2010-04,CUUR0000SAM2,医疗护理服务,Medical care services,410.256,M04,
2010-05,CUUR0000SAM2,医疗护理服务,Medical care services,410.173,M05,
2010-06,CUUR0000SAM2,医疗护理服务,Medical care services,410.802,M06,
2010-07,CUUR0000SAM2,医疗护理服务,Medical care services,410.71,M07,
2010-08,CUUR0000SAM2,医疗护理服务,Medical care services,411.182,M08,
2010-09,CUUR0000SAM2,医疗护理服务,Medical care services,413.807,M09,
2010-10,CUUR0000SAM2,医疗护理服务,Medical care services,414.564,M10,
2010-11,CUUR0000SAM2,医疗护理服务,Medical care services,414.85,M11,
2010-12,CUUR0000SAM2,医疗护理服务,Medical care services,415.079,M12,
2011-01,CUUR0000SAM2,医疗护理服务,Medical care services,417.025,M01,
2011-02,CUUR0000SAM2,医疗护理服务,Medical care services,420.567,M02,
2011-03,CUUR0000SAM2,医疗护理服务,Medical care services,420.852,M03,
2011-04,CUUR0000SAM2,医疗护理服务,Medical care services,421.716,M04,
2011-05,CUUR0000SAM2,医疗护理服务,Medical care services,422.438,M05,
2011-06,CUUR0000SAM2,医疗护理服务,Medical care services,422.813,M06,
2011-07,CUUR0000SAM2,医疗护理服务,Medical care services,423.847,M07,
2011-08,CUUR0000SAM2,医疗护理服务,Medical care services,424.546,M08,
2011-09,CUUR0000SAM2,医疗护理服务,Medical care services,425.258,M09,
2011-10,CUUR0000SAM2,医疗护理服务,Medical care services,427.467,M10,
2011-11,CUUR0000SAM2,医疗护理服务,Medical care services,429.191,M11,
2011-12,CUUR0000SAM2,医疗护理服务,Medical care services,430.005,M12,
2012-01,CUUR0000SAM2,医疗护理服务,Medical care services,432.583,M01,
2012-02,CUUR0000SAM2,医疗护理服务,Medical care services,434.832,M02,
2012-03,CUUR0000SAM2,医疗护理服务,Medical care services,435.721,M03,
2012-04,CUUR0000SAM2,医疗护理服务,Medical care services,437.151,M04,
2012-05,CUUR0000SAM2,医疗护理服务,Medical care services,438.766,M05,
2012-06,CUUR0000SAM2,医疗护理服务,Medical care services,441.041,M06,
2012-07,CUUR0000SAM2,医疗护理服务,Medical care services,442.305,M07,
2012-08,CUUR0000SAM2,医疗护理服务,Medical care services,442.41,M08,
2012-09,CUUR0000SAM2,医疗护理服务,Medical care services,443.812,M09,
2012-10,CUUR0000SAM2,医疗护理服务,Medical care services,444.242,M10,
2012-11,CUUR0000SAM2,医疗护理服务,Medical care services,445.278,M11,
2012-12,CUUR0000SAM2,医疗护理服务,Medical care services,445.955,M12,
2013-01,CUUR0000SAM2,医疗护理服务,Medical care services,448.226,M01,
2013-02,CUUR0000SAM2,医疗护理服务,Medical care services,451.625,M02,
2013-03,CUUR0000SAM2,医疗护理服务,Medical care services,452.596,M03,
2013-04,CUUR0000SAM2,医疗护理服务,Medical care services,452.083,M04,
2013-05,CUUR0000SAM2,医疗护理服务,Medical care services,451.648,M05,
2013-06,CUUR0000SAM2,医疗护理服务,Medical care services,453.325,M06,
2013-07,CUUR0000SAM2,医疗护理服务,Medical care services,453.773,M07,
2013-08,CUUR0000SAM2,医疗护理服务,Medical care services,456.062,M08,
2013-09,CUUR0000SAM2,医疗护理服务,Medical care services,457.458,M09,
2013-10,CUUR0000SAM2,医疗护理服务,Medical care services,457.135,M10,
2013-11,CUUR0000SAM2,医疗护理服务,Medical care services,456.855,M11,
2013-12,CUUR0000SAM2,医疗护理服务,Medical care services,457.296,M12,
2014-01,CUUR0000SAM2,医疗护理服务,Medical care services,459.618,M01,
2014-02,CUUR0000SAM2,医疗护理服务,Medical care services,462.648,M02,
2014-03,CUUR0000SAM2,医疗护理服务,Medical care services,463.678,M03,
2014-04,CUUR0000SAM2,医疗护理服务,Medical care services,464.238,M04,
2014-05,CUUR0000SAM2,医疗护理服务,Medical care services,465.014,M05,
2014-06,CUUR0000SAM2,医疗护理服务,Medical care services,464.96,M06,
2014-07,CUUR0000SAM2,医疗护理服务,Medical care services,465.166,M07,
2014-08,CUUR0000SAM2,医疗护理服务,Medical care services,464.936,M08,
2014-09,CUUR0000SAM2,医疗护理服务,Medical care services,465.403,M09,
2014-10,CUUR0000SAM2,医疗护理服务,Medical care services,466.038,M10,
2014-11,CUUR0000SAM2,医疗护理服务,Medical care services,467.482,M11,
2014-12,CUUR0000SAM2,医疗护理服务,Medical care services,468.393,M12,
2015-01,CUUR0000SAM2,医疗护理服务,Medical care services,470.03,M01,
2015-02,CUUR0000SAM2,医疗护理服务,Medical care services,471.138,M02,
2015-03,CUUR0000SAM2,医疗护理服务,Medical care services,472.645,M03,
2015-04,CUUR0000SAM2,医疗护理服务,Medical care services,476.163,M04,
2015-05,CUUR0000SAM2,医疗护理服务,Medical care services,476.8,M05,
2015-06,CUUR0000SAM2,医疗护理服务,Medical care services,475.546,M06,
2015-07,CUUR0000SAM2,医疗护理服务,Medical care services,475.956,M07,
2015-08,CUUR0000SAM2,医疗护理服务,Medical care services,475.189,M08,
2015-09,CUUR0000SAM2,医疗护理服务,Medical care services,476.466,M09,
2015-10,CUUR0000SAM2,医疗护理服务,Medical care services,480.245,M10,
2015-11,CUUR0000SAM2,医疗护理服务,Medical care services,481.894,M11,
2015-12,CUUR0000SAM2,医疗护理服务,Medical care services,481.983,M12,
2016-01,CUUR0000SAM2,医疗护理服务,Medical care services,485.321,M01,
2016-02,CUUR0000SAM2,医疗护理服务,Medical care services,489.432,M02,
2016-03,CUUR0000SAM2,医疗护理服务,Medical care services,489.52,M03,
2016-04,CUUR0000SAM2,医疗护理服务,Medical care services,490.848,M04,
2016-05,CUUR0000SAM2,医疗护理服务,Medical care services,493.27,M05,
2016-06,CUUR0000SAM2,医疗护理服务,Medical care services,493.438,M06,
2016-07,CUUR0000SAM2,医疗护理服务,Medical care services,495.431,M07,
2016-08,CUUR0000SAM2,医疗护理服务,Medical care services,499.187,M08,
2016-09,CUUR0000SAM2,医疗护理服务,Medical care services,499.483,M09,
2016-10,CUUR0000SAM2,医疗护理服务,Medical care services,499.717,M10,
2016-11,CUUR0000SAM2,医疗护理服务,Medical care services,500.697,M11,
2016-12,CUUR0000SAM2,医疗护理服务,Medical care services,500.845,M12,
2017-01,CUUR0000SAM2,医疗护理服务,Medical care services,502.948,M01,
2017-02,CUUR0000SAM2,医疗护理服务,Medical care services,506.105,M02,
2017-03,CUUR0000SAM2,医疗护理服务,Medical care services,505.991,M03,
2017-04,CUUR0000SAM2,医疗护理服务,Medical care services,505.855,M04,
2017-05,CUUR0000SAM2,医疗护理服务,Medical care services,505.611,M05,
2017-06,CUUR0000SAM2,医疗护理服务,Medical care services,505.813,M06,
2017-07,CUUR0000SAM2,医疗护理服务,Medical care services,506.681,M07,
2017-08,CUUR0000SAM2,医疗护理服务,Medical care services,507.39,M08,
2017-09,CUUR0000SAM2,医疗护理服务,Medical care services,508.078,M09,
2017-10,CUUR0000SAM2,医疗护理服务,Medical care services,509.256,M10,
2017-11,CUUR0000SAM2,医疗护理服务,Medical care services,508.879,M11,
2017-12,CUUR0000SAM2,医疗护理服务,Medical care services,509.045,M12,
1998-01,CUUR0000SEEB03,托儿照护,Day care and preschool,138.2,M01,
1998-02,CUUR0000SEEB03,托儿照护,Day care and preschool,138.2,M02,
1998-03,CUUR0000SEEB03,托儿照护,Day care and preschool,138.5,M03,
1998-04,CUUR0000SEEB03,托儿照护,Day care and preschool,139.1,M04,
1998-05,CUUR0000SEEB03,托儿照护,Day care and preschool,139.7,M05,
1998-06,CUUR0000SEEB03,托儿照护,Day care and preschool,139.5,M06,
1998-07,CUUR0000SEEB03,托儿照护,Day care and preschool,139.7,M07,
1998-08,CUUR0000SEEB03,托儿照护,Day care and preschool,141.8,M08,
1998-09,CUUR0000SEEB03,托儿照护,Day care and preschool,143.8,M09,
1998-10,CUUR0000SEEB03,托儿照护,Day care and preschool,143.9,M10,
1998-11,CUUR0000SEEB03,托儿照护,Day care and preschool,144.0,M11,
1998-12,CUUR0000SEEB03,托儿照护,Day care and preschool,144.2,M12,
1999-01,CUUR0000SEEB03,托儿照护,Day care and preschool,144.9,M01,
1999-02,CUUR0000SEEB03,托儿照护,Day care and preschool,145.7,M02,
1999-03,CUUR0000SEEB03,托儿照护,Day care and preschool,145.8,M03,
1999-04,CUUR0000SEEB03,托儿照护,Day care and preschool,146.2,M04,
1999-05,CUUR0000SEEB03,托儿照护,Day care and preschool,146.6,M05,
1999-06,CUUR0000SEEB03,托儿照护,Day care and preschool,146.8,M06,
1999-07,CUUR0000SEEB03,托儿照护,Day care and preschool,147.5,M07,
1999-08,CUUR0000SEEB03,托儿照护,Day care and preschool,148.7,M08,
1999-09,CUUR0000SEEB03,托儿照护,Day care and preschool,151.1,M09,
1999-10,CUUR0000SEEB03,托儿照护,Day care and preschool,151.3,M10,
1999-11,CUUR0000SEEB03,托儿照护,Day care and preschool,151.5,M11,
1999-12,CUUR0000SEEB03,托儿照护,Day care and preschool,151.6,M12,
2000-01,CUUR0000SEEB03,托儿照护,Day care and preschool,152.9,M01,
2000-02,CUUR0000SEEB03,托儿照护,Day care and preschool,153.7,M02,
2000-03,CUUR0000SEEB03,托儿照护,Day care and preschool,154.1,M03,
2000-04,CUUR0000SEEB03,托儿照护,Day care and preschool,154.5,M04,
2000-05,CUUR0000SEEB03,托儿照护,Day care and preschool,154.7,M05,
2000-06,CUUR0000SEEB03,托儿照护,Day care and preschool,155.3,M06,
2000-07,CUUR0000SEEB03,托儿照护,Day care and preschool,155.7,M07,
2000-08,CUUR0000SEEB03,托儿照护,Day care and preschool,156.0,M08,
2000-09,CUUR0000SEEB03,托儿照护,Day care and preschool,158.6,M09,
2000-10,CUUR0000SEEB03,托儿照护,Day care and preschool,159.4,M10,
2000-11,CUUR0000SEEB03,托儿照护,Day care and preschool,160.0,M11,
2000-12,CUUR0000SEEB03,托儿照护,Day care and preschool,160.1,M12,
2001-01,CUUR0000SEEB03,托儿照护,Day care and preschool,160.9,M01,
2001-02,CUUR0000SEEB03,托儿照护,Day care and preschool,161.2,M02,
2001-03,CUUR0000SEEB03,托儿照护,Day care and preschool,161.6,M03,
2001-04,CUUR0000SEEB03,托儿照护,Day care and preschool,161.8,M04,
2001-05,CUUR0000SEEB03,托儿照护,Day care and preschool,162.5,M05,
2001-06,CUUR0000SEEB03,托儿照护,Day care and preschool,163.3,M06,
2001-07,CUUR0000SEEB03,托儿照护,Day care and preschool,163.5,M07,
2001-08,CUUR0000SEEB03,托儿照护,Day care and preschool,164.5,M08,
2001-09,CUUR0000SEEB03,托儿照护,Day care and preschool,166.5,M09,
2001-10,CUUR0000SEEB03,托儿照护,Day care and preschool,167.7,M10,
2001-11,CUUR0000SEEB03,托儿照护,Day care and preschool,167.9,M11,
2001-12,CUUR0000SEEB03,托儿照护,Day care and preschool,168.1,M12,
2002-01,CUUR0000SEEB03,托儿照护,Day care and preschool,169.1,M01,
2002-02,CUUR0000SEEB03,托儿照护,Day care and preschool,169.7,M02,
2002-03,CUUR0000SEEB03,托儿照护,Day care and preschool,169.9,M03,
2002-04,CUUR0000SEEB03,托儿照护,Day care and preschool,169.8,M04,
2002-05,CUUR0000SEEB03,托儿照护,Day care and preschool,169.9,M05,
2002-06,CUUR0000SEEB03,托儿照护,Day care and preschool,171.6,M06,
2002-07,CUUR0000SEEB03,托儿照护,Day care and preschool,172.0,M07,
2002-08,CUUR0000SEEB03,托儿照护,Day care and preschool,173.0,M08,
2002-09,CUUR0000SEEB03,托儿照护,Day care and preschool,176.1,M09,
2002-10,CUUR0000SEEB03,托儿照护,Day care and preschool,176.3,M10,
2002-11,CUUR0000SEEB03,托儿照护,Day care and preschool,176.4,M11,
2002-12,CUUR0000SEEB03,托儿照护,Day care and preschool,176.4,M12,
2003-01,CUUR0000SEEB03,托儿照护,Day care and preschool,177.5,M01,
2003-02,CUUR0000SEEB03,托儿照护,Day care and preschool,177.8,M02,
2003-03,CUUR0000SEEB03,托儿照护,Day care and preschool,177.9,M03,
2003-04,CUUR0000SEEB03,托儿照护,Day care and preschool,178.4,M04,
2003-05,CUUR0000SEEB03,托儿照护,Day care and preschool,178.7,M05,
2003-06,CUUR0000SEEB03,托儿照护,Day care and preschool,179.8,M06,
2003-07,CUUR0000SEEB03,托儿照护,Day care and preschool,179.7,M07,
2003-08,CUUR0000SEEB03,托儿照护,Day care and preschool,180.7,M08,
2003-09,CUUR0000SEEB03,托儿照护,Day care and preschool,183.4,M09,
2003-10,CUUR0000SEEB03,托儿照护,Day care and preschool,183.2,M10,
2003-11,CUUR0000SEEB03,托儿照护,Day care and preschool,183.2,M11,
2003-12,CUUR0000SEEB03,托儿照护,Day care and preschool,183.6,M12,
2004-01,CUUR0000SEEB03,托儿照护,Day care and preschool,184.3,M01,
2004-02,CUUR0000SEEB03,托儿照护,Day care and preschool,184.8,M02,
2004-03,CUUR0000SEEB03,托儿照护,Day care and preschool,185.0,M03,
2004-04,CUUR0000SEEB03,托儿照护,Day care and preschool,185.2,M04,
2004-05,CUUR0000SEEB03,托儿照护,Day care and preschool,185.2,M05,
2004-06,CUUR0000SEEB03,托儿照护,Day care and preschool,186.8,M06,
2004-07,CUUR0000SEEB03,托儿照护,Day care and preschool,187.1,M07,
2004-08,CUUR0000SEEB03,托儿照护,Day care and preschool,187.9,M08,
2004-09,CUUR0000SEEB03,托儿照护,Day care and preschool,189.4,M09,
2004-10,CUUR0000SEEB03,托儿照护,Day care and preschool,189.9,M10,
2004-11,CUUR0000SEEB03,托儿照护,Day care and preschool,189.9,M11,
2004-12,CUUR0000SEEB03,托儿照护,Day care and preschool,190.0,M12,
2005-01,CUUR0000SEEB03,托儿照护,Day care and preschool,190.7,M01,
2005-02,CUUR0000SEEB03,托儿照护,Day care and preschool,191.5,M02,
2005-03,CUUR0000SEEB03,托儿照护,Day care and preschool,191.7,M03,
2005-04,CUUR0000SEEB03,托儿照护,Day care and preschool,192.3,M04,
2005-05,CUUR0000SEEB03,托儿照护,Day care and preschool,192.4,M05,
2005-06,CUUR0000SEEB03,托儿照护,Day care and preschool,193.5,M06,
2005-07,CUUR0000SEEB03,托儿照护,Day care and preschool,195.1,M07,
2005-08,CUUR0000SEEB03,托儿照护,Day care and preschool,196.1,M08,
2005-09,CUUR0000SEEB03,托儿照护,Day care and preschool,199.7,M09,
2005-10,CUUR0000SEEB03,托儿照护,Day care and preschool,200.3,M10,
2005-11,CUUR0000SEEB03,托儿照护,Day care and preschool,200.4,M11,
2005-12,CUUR0000SEEB03,托儿照护,Day care and preschool,200.5,M12,
2006-01,CUUR0000SEEB03,托儿照护,Day care and preschool,202.9,M01,
2006-02,CUUR0000SEEB03,托儿照护,Day care and preschool,202.7,M02,
2006-03,CUUR0000SEEB03,托儿照护,Day care and preschool,202.7,M03,
2006-04,CUUR0000SEEB03,托儿照护,Day care and preschool,203.0,M04,
2006-05,CUUR0000SEEB03,托儿照护,Day care and preschool,203.0,M05,
2006-06,CUUR0000SEEB03,托儿照护,Day care and preschool,203.8,M06,
2006-07,CUUR0000SEEB03,托儿照护,Day care and preschool,204.6,M07,
2006-08,CUUR0000SEEB03,托儿照护,Day care and preschool,206.1,M08,
2006-09,CUUR0000SEEB03,托儿照护,Day care and preschool,210.3,M09,
2006-10,CUUR0000SEEB03,托儿照护,Day care and preschool,210.9,M10,
2006-11,CUUR0000SEEB03,托儿照护,Day care and preschool,210.8,M11,
2006-12,CUUR0000SEEB03,托儿照护,Day care and preschool,211.2,M12,
2007-01,CUUR0000SEEB03,托儿照护,Day care and preschool,211.672,M01,
2007-02,CUUR0000SEEB03,托儿照护,Day care and preschool,212.245,M02,
2007-03,CUUR0000SEEB03,托儿照护,Day care and preschool,212.286,M03,
2007-04,CUUR0000SEEB03,托儿照护,Day care and preschool,212.679,M04,
2007-05,CUUR0000SEEB03,托儿照护,Day care and preschool,212.722,M05,
2007-06,CUUR0000SEEB03,托儿照护,Day care and preschool,212.62,M06,
2007-07,CUUR0000SEEB03,托儿照护,Day care and preschool,213.621,M07,
2007-08,CUUR0000SEEB03,托儿照护,Day care and preschool,214.279,M08,
2007-09,CUUR0000SEEB03,托儿照护,Day care and preschool,218.909,M09,
2007-10,CUUR0000SEEB03,托儿照护,Day care and preschool,219.052,M10,
2007-11,CUUR0000SEEB03,托儿照护,Day care and preschool,219.035,M11,
2007-12,CUUR0000SEEB03,托儿照护,Day care and preschool,219.405,M12,
2008-01,CUUR0000SEEB03,托儿照护,Day care and preschool,221.112,M01,
2008-02,CUUR0000SEEB03,托儿照护,Day care and preschool,221.29,M02,
2008-03,CUUR0000SEEB03,托儿照护,Day care and preschool,221.293,M03,
2008-04,CUUR0000SEEB03,托儿照护,Day care and preschool,221.385,M04,
2008-05,CUUR0000SEEB03,托儿照护,Day care and preschool,221.473,M05,
2008-06,CUUR0000SEEB03,托儿照护,Day care and preschool,222.094,M06,
2008-07,CUUR0000SEEB03,托儿照护,Day care and preschool,222.769,M07,
2008-08,CUUR0000SEEB03,托儿照护,Day care and preschool,225.235,M08,
2008-09,CUUR0000SEEB03,托儿照护,Day care and preschool,228.961,M09,
2008-10,CUUR0000SEEB03,托儿照护,Day care and preschool,229.887,M10,
2008-11,CUUR0000SEEB03,托儿照护,Day care and preschool,229.798,M11,
2008-12,CUUR0000SEEB03,托儿照护,Day care and preschool,230.326,M12,
2009-01,CUUR0000SEEB03,托儿照护,Day care and preschool,230.823,M01,
2009-02,CUUR0000SEEB03,托儿照护,Day care and preschool,231.112,M02,
2009-03,CUUR0000SEEB03,托儿照护,Day care and preschool,231.295,M03,
2009-04,CUUR0000SEEB03,托儿照护,Day care and preschool,231.308,M04,
2009-05,CUUR0000SEEB03,托儿照护,Day care and preschool,231.27,M05,
2009-06,CUUR0000SEEB03,托儿照护,Day care and preschool,231.641,M06,
2009-07,CUUR0000SEEB03,托儿照护,Day care and preschool,232.13,M07,
2009-08,CUUR0000SEEB03,托儿照护,Day care and preschool,232.709,M08,
2009-09,CUUR0000SEEB03,托儿照护,Day care and preschool,235.349,M09,
2009-10,CUUR0000SEEB03,托儿照护,Day care and preschool,235.32,M10,
2009-11,CUUR0000SEEB03,托儿照护,Day care and preschool,235.443,M11,
2009-12,CUUR0000SEEB03,托儿照护,Day care and preschool,235.532,M12,
2010-01,CUUR0000SEEB03,托儿照护,Day care and preschool,236.255,M01,
2010-02,CUUR0000SEEB03,托儿照护,Day care and preschool,237.802,M02,
2010-03,CUUR0000SEEB03,托儿照护,Day care and preschool,238.296,M03,
2010-04,CUUR0000SEEB03,托儿照护,Day care and preschool,239.114,M04,
2010-05,CUUR0000SEEB03,托儿照护,Day care and preschool,238.872,M05,
2010-06,CUUR0000SEEB03,托儿照护,Day care and preschool,239.628,M06,
2010-07,CUUR0000SEEB03,托儿照护,Day care and preschool,239.956,M07,
2010-08,CUUR0000SEEB03,托儿照护,Day care and preschool,241.254,M08,
2010-09,CUUR0000SEEB03,托儿照护,Day care and preschool,243.396,M09,
2010-10,CUUR0000SEEB03,托儿照护,Day care and preschool,243.118,M10,
2010-11,CUUR0000SEEB03,托儿照护,Day care and preschool,243.18,M11,
2010-12,CUUR0000SEEB03,托儿照护,Day care and preschool,244.308,M12,
2011-01,CUUR0000SEEB03,托儿照护,Day care and preschool,244.934,M01,
2011-02,CUUR0000SEEB03,托儿照护,Day care and preschool,245.099,M02,
2011-03,CUUR0000SEEB03,托儿照护,Day care and preschool,245.189,M03,
2011-04,CUUR0000SEEB03,托儿照护,Day care and preschool,245.527,M04,
2011-05,CUUR0000SEEB03,托儿照护,Day care and preschool,245.649,M05,
2011-06,CUUR0000SEEB03,托儿照护,Day care and preschool,245.825,M06,
2011-07,CUUR0000SEEB03,托儿照护,Day care and preschool,246.258,M07,
2011-08,CUUR0000SEEB03,托儿照护,Day care and preschool,247.547,M08,
2011-09,CUUR0000SEEB03,托儿照护,Day care and preschool,248.782,M09,
2011-10,CUUR0000SEEB03,托儿照护,Day care and preschool,250.589,M10,
2011-11,CUUR0000SEEB03,托儿照护,Day care and preschool,249.658,M11,
2011-12,CUUR0000SEEB03,托儿照护,Day care and preschool,249.713,M12,
2012-01,CUUR0000SEEB03,托儿照护,Day care and preschool,250.788,M01,
2012-02,CUUR0000SEEB03,托儿照护,Day care and preschool,250.962,M02,
2012-03,CUUR0000SEEB03,托儿照护,Day care and preschool,251.085,M03,
2012-04,CUUR0000SEEB03,托儿照护,Day care and preschool,251.358,M04,
2012-05,CUUR0000SEEB03,托儿照护,Day care and preschool,251.667,M05,
2012-06,CUUR0000SEEB03,托儿照护,Day care and preschool,251.549,M06,
2012-07,CUUR0000SEEB03,托儿照护,Day care and preschool,252.505,M07,
2012-08,CUUR0000SEEB03,托儿照护,Day care and preschool,253.218,M08,
2012-09,CUUR0000SEEB03,托儿照护,Day care and preschool,255.904,M09,
2012-10,CUUR0000SEEB03,托儿照护,Day care and preschool,256.097,M10,
2012-11,CUUR0000SEEB03,托儿照护,Day care and preschool,256.171,M11,
2012-12,CUUR0000SEEB03,托儿照护,Day care and preschool,256.385,M12,
2013-01,CUUR0000SEEB03,托儿照护,Day care and preschool,257.831,M01,
2013-02,CUUR0000SEEB03,托儿照护,Day care and preschool,257.929,M02,
2013-03,CUUR0000SEEB03,托儿照护,Day care and preschool,258.088,M03,
2013-04,CUUR0000SEEB03,托儿照护,Day care and preschool,258.203,M04,
2013-05,CUUR0000SEEB03,托儿照护,Day care and preschool,258.522,M05,
2013-06,CUUR0000SEEB03,托儿照护,Day care and preschool,258.094,M06,
2013-07,CUUR0000SEEB03,托儿照护,Day care and preschool,258.688,M07,
2013-08,CUUR0000SEEB03,托儿照护,Day care and preschool,259.325,M08,
2013-09,CUUR0000SEEB03,托儿照护,Day care and preschool,261.098,M09,
2013-10,CUUR0000SEEB03,托儿照护,Day care and preschool,261.426,M10,
2013-11,CUUR0000SEEB03,托儿照护,Day care and preschool,261.745,M11,
2013-12,CUUR0000SEEB03,托儿照护,Day care and preschool,261.922,M12,
2014-01,CUUR0000SEEB03,托儿照护,Day care and preschool,261.567,M01,
2014-02,CUUR0000SEEB03,托儿照护,Day care and preschool,261.748,M02,
2014-03,CUUR0000SEEB03,托儿照护,Day care and preschool,263.114,M03,
2014-04,CUUR0000SEEB03,托儿照护,Day care and preschool,263.129,M04,
2014-05,CUUR0000SEEB03,托儿照护,Day care and preschool,263.634,M05,
2014-06,CUUR0000SEEB03,托儿照护,Day care and preschool,263.831,M06,
2014-07,CUUR0000SEEB03,托儿照护,Day care and preschool,264.045,M07,
2014-08,CUUR0000SEEB03,托儿照护,Day care and preschool,265.559,M08,
2014-09,CUUR0000SEEB03,托儿照护,Day care and preschool,267.892,M09,
2014-10,CUUR0000SEEB03,托儿照护,Day care and preschool,267.955,M10,
2014-11,CUUR0000SEEB03,托儿照护,Day care and preschool,268.22,M11,
2014-12,CUUR0000SEEB03,托儿照护,Day care and preschool,267.799,M12,
2015-01,CUUR0000SEEB03,托儿照护,Day care and preschool,269.541,M01,
2015-02,CUUR0000SEEB03,托儿照护,Day care and preschool,269.711,M02,
2015-03,CUUR0000SEEB03,托儿照护,Day care and preschool,272.082,M03,
2015-04,CUUR0000SEEB03,托儿照护,Day care and preschool,274.181,M04,
2015-05,CUUR0000SEEB03,托儿照护,Day care and preschool,274.583,M05,
2015-06,CUUR0000SEEB03,托儿照护,Day care and preschool,275.183,M06,
2015-07,CUUR0000SEEB03,托儿照护,Day care and preschool,275.829,M07,
2015-08,CUUR0000SEEB03,托儿照护,Day care and preschool,276.893,M08,
2015-09,CUUR0000SEEB03,托儿照护,Day care and preschool,279.145,M09,
2015-10,CUUR0000SEEB03,托儿照护,Day care and preschool,279.305,M10,
2015-11,CUUR0000SEEB03,托儿照护,Day care and preschool,279.456,M11,
2015-12,CUUR0000SEEB03,托儿照护,Day care and preschool,278.668,M12,
2016-01,CUUR0000SEEB03,托儿照护,Day care and preschool,279.641,M01,
2016-02,CUUR0000SEEB03,托儿照护,Day care and preschool,280.216,M02,
2016-03,CUUR0000SEEB03,托儿照护,Day care and preschool,280.664,M03,
2016-04,CUUR0000SEEB03,托儿照护,Day care and preschool,280.972,M04,
2016-05,CUUR0000SEEB03,托儿照护,Day care and preschool,281.254,M05,
2016-06,CUUR0000SEEB03,托儿照护,Day care and preschool,281.709,M06,
2016-07,CUUR0000SEEB03,托儿照护,Day care and preschool,282.496,M07,
2016-08,CUUR0000SEEB03,托儿照护,Day care and preschool,284.326,M08,
2016-09,CUUR0000SEEB03,托儿照护,Day care and preschool,285.811,M09,
2016-10,CUUR0000SEEB03,托儿照护,Day care and preschool,286.834,M10,
2016-11,CUUR0000SEEB03,托儿照护,Day care and preschool,286.568,M11,
2016-12,CUUR0000SEEB03,托儿照护,Day care and preschool,286.699,M12,
2017-01,CUUR0000SEEB03,托儿照护,Day care and preschool,288.591,M01,
2017-02,CUUR0000SEEB03,托儿照护,Day care and preschool,289.136,M02,
2017-03,CUUR0000SEEB03,托儿照护,Day care and preschool,289.498,M03,
2017-04,CUUR0000SEEB03,托儿照护,Day care and preschool,289.529,M04,
2017-05,CUUR0000SEEB03,托儿照护,Day care and preschool,289.585,M05,
2017-06,CUUR0000SEEB03,托儿照护,Day care and preschool,289.927,M06,
2017-07,CUUR0000SEEB03,托儿照护,Day care and preschool,289.484,M07,
2017-08,CUUR0000SEEB03,托儿照护,Day care and preschool,290.566,M08,
2017-09,CUUR0000SEEB03,托儿照护,Day care and preschool,292.001,M09,
2017-10,CUUR0000SEEB03,托儿照护,Day care and preschool,292.357,M10,
2017-11,CUUR0000SEEB03,托儿照护,Day care and preschool,292.149,M11,
2017-12,CUUR0000SEEB03,托儿照护,Day care and preschool,291.729,M12,
1998-01,CUUR0000SEHC01,住房（位置性）,Owners' equivalent rent of primary residence,185.1,M01,
1998-02,CUUR0000SEHC01,住房（位置性）,Owners' equivalent rent of primary residence,185.5,M02,
1998-03,CUUR0000SEHC01,住房（位置性）,Owners' equivalent rent of primary residence,185.9,M03,
1998-04,CUUR0000SEHC01,住房（位置性）,Owners' equivalent rent of primary residence,186.4,M04,
1998-05,CUUR0000SEHC01,住房（位置性）,Owners' equivalent rent of primary residence,186.8,M05,
1998-06,CUUR0000SEHC01,住房（位置性）,Owners' equivalent rent of primary residence,187.4,M06,
1998-07,CUUR0000SEHC01,住房（位置性）,Owners' equivalent rent of primary residence,188.0,M07,
1998-08,CUUR0000SEHC01,住房（位置性）,Owners' equivalent rent of primary residence,188.5,M08,
1998-09,CUUR0000SEHC01,住房（位置性）,Owners' equivalent rent of primary residence,189.2,M09,
1998-10,CUUR0000SEHC01,住房（位置性）,Owners' equivalent rent of primary residence,189.8,M10,
1998-11,CUUR0000SEHC01,住房（位置性）,Owners' equivalent rent of primary residence,190.3,M11,
1998-12,CUUR0000SEHC01,住房（位置性）,Owners' equivalent rent of primary residence,190.7,M12,
1999-01,CUUR0000SEHC01,住房（位置性）,Owners' equivalent rent of primary residence,191.0,M01,
1999-02,CUUR0000SEHC01,住房（位置性）,Owners' equivalent rent of primary residence,191.3,M02,
1999-03,CUUR0000SEHC01,住房（位置性）,Owners' equivalent rent of primary residence,191.5,M03,
1999-04,CUUR0000SEHC01,住房（位置性）,Owners' equivalent rent of primary residence,191.9,M04,
1999-05,CUUR0000SEHC01,住房（位置性）,Owners' equivalent rent of primary residence,192.2,M05,
1999-06,CUUR0000SEHC01,住房（位置性）,Owners' equivalent rent of primary residence,192.6,M06,
1999-07,CUUR0000SEHC01,住房（位置性）,Owners' equivalent rent of primary residence,193.0,M07,
1999-08,CUUR0000SEHC01,住房（位置性）,Owners' equivalent rent of primary residence,193.4,M08,
1999-09,CUUR0000SEHC01,住房（位置性）,Owners' equivalent rent of primary residence,193.9,M09,
1999-10,CUUR0000SEHC01,住房（位置性）,Owners' equivalent rent of primary residence,194.2,M10,
1999-11,CUUR0000SEHC01,住房（位置性）,Owners' equivalent rent of primary residence,194.9,M11,
1999-12,CUUR0000SEHC01,住房（位置性）,Owners' equivalent rent of primary residence,195.2,M12,
2000-01,CUUR0000SEHC01,住房（位置性）,Owners' equivalent rent of primary residence,196.2,M01,
2000-02,CUUR0000SEHC01,住房（位置性）,Owners' equivalent rent of primary residence,196.6,M02,
2000-03,CUUR0000SEHC01,住房（位置性）,Owners' equivalent rent of primary residence,196.9,M03,
2000-04,CUUR0000SEHC01,住房（位置性）,Owners' equivalent rent of primary residence,197.2,M04,
2000-05,CUUR0000SEHC01,住房（位置性）,Owners' equivalent rent of primary residence,197.6,M05,
2000-06,CUUR0000SEHC01,住房（位置性）,Owners' equivalent rent of primary residence,198.2,M06,
2000-07,CUUR0000SEHC01,住房（位置性）,Owners' equivalent rent of primary residence,198.6,M07,
2000-08,CUUR0000SEHC01,住房（位置性）,Owners' equivalent rent of primary residence,199.2,M08,
2000-09,CUUR0000SEHC01,住房（位置性）,Owners' equivalent rent of primary residence,199.9,M09,
2000-10,CUUR0000SEHC01,住房（位置性）,Owners' equivalent rent of primary residence,200.5,M10,
2000-11,CUUR0000SEHC01,住房（位置性）,Owners' equivalent rent of primary residence,201.2,M11,
2000-12,CUUR0000SEHC01,住房（位置性）,Owners' equivalent rent of primary residence,201.8,M12,
2001-01,CUUR0000SEHC01,住房（位置性）,Owners' equivalent rent of primary residence,202.4,M01,
2001-02,CUUR0000SEHC01,住房（位置性）,Owners' equivalent rent of primary residence,202.9,M02,
2001-03,CUUR0000SEHC01,住房（位置性）,Owners' equivalent rent of primary residence,203.6,M03,
2001-04,CUUR0000SEHC01,住房（位置性）,Owners' equivalent rent of primary residence,204.2,M04,
2001-05,CUUR0000SEHC01,住房（位置性）,Owners' equivalent rent of primary residence,204.9,M05,
2001-06,CUUR0000SEHC01,住房（位置性）,Owners' equivalent rent of primary residence,205.7,M06,
2001-07,CUUR0000SEHC01,住房（位置性）,Owners' equivalent rent of primary residence,206.3,M07,
2001-08,CUUR0000SEHC01,住房（位置性）,Owners' equivalent rent of primary residence,207.3,M08,
2001-09,CUUR0000SEHC01,住房（位置性）,Owners' equivalent rent of primary residence,208.1,M09,
2001-10,CUUR0000SEHC01,住房（位置性）,Owners' equivalent rent of primary residence,209.0,M10,
2001-11,CUUR0000SEHC01,住房（位置性）,Owners' equivalent rent of primary residence,210.1,M11,
2001-12,CUUR0000SEHC01,住房（位置性）,Owners' equivalent rent of primary residence,210.9,M12,
2002-01,CUUR0000SEHC01,住房（位置性）,Owners' equivalent rent of primary residence,211.6,M01,
2002-02,CUUR0000SEHC01,住房（位置性）,Owners' equivalent rent of primary residence,212.2,M02,
2002-03,CUUR0000SEHC01,住房（位置性）,Owners' equivalent rent of primary residence,212.8,M03,
2002-04,CUUR0000SEHC01,住房（位置性）,Owners' equivalent rent of primary residence,213.3,M04,
2002-05,CUUR0000SEHC01,住房（位置性）,Owners' equivalent rent of primary residence,213.7,M05,
2002-06,CUUR0000SEHC01,住房（位置性）,Owners' equivalent rent of primary residence,214.3,M06,
2002-07,CUUR0000SEHC01,住房（位置性）,Owners' equivalent rent of primary residence,214.9,M07,
2002-08,CUUR0000SEHC01,住房（位置性）,Owners' equivalent rent of primary residence,215.4,M08,
2002-09,CUUR0000SEHC01,住房（位置性）,Owners' equivalent rent of primary residence,216.2,M09,
2002-10,CUUR0000SEHC01,住房（位置性）,Owners' equivalent rent of primary residence,216.8,M10,
2002-11,CUUR0000SEHC01,住房（位置性）,Owners' equivalent rent of primary residence,217.3,M11,
2002-12,CUUR0000SEHC01,住房（位置性）,Owners' equivalent rent of primary residence,217.9,M12,
2003-01,CUUR0000SEHC01,住房（位置性）,Owners' equivalent rent of primary residence,218.5,M01,
2003-02,CUUR0000SEHC01,住房（位置性）,Owners' equivalent rent of primary residence,218.7,M02,
2003-03,CUUR0000SEHC01,住房（位置性）,Owners' equivalent rent of primary residence,218.9,M03,
2003-04,CUUR0000SEHC01,住房（位置性）,Owners' equivalent rent of primary residence,218.9,M04,
2003-05,CUUR0000SEHC01,住房（位置性）,Owners' equivalent rent of primary residence,219.1,M05,
2003-06,CUUR0000SEHC01,住房（位置性）,Owners' equivalent rent of primary residence,219.1,M06,
2003-07,CUUR0000SEHC01,住房（位置性）,Owners' equivalent rent of primary residence,219.6,M07,
2003-08,CUUR0000SEHC01,住房（位置性）,Owners' equivalent rent of primary residence,220.1,M08,
2003-09,CUUR0000SEHC01,住房（位置性）,Owners' equivalent rent of primary residence,220.7,M09,
2003-10,CUUR0000SEHC01,住房（位置性）,Owners' equivalent rent of primary residence,221.4,M10,
2003-11,CUUR0000SEHC01,住房（位置性）,Owners' equivalent rent of primary residence,221.9,M11,
2003-12,CUUR0000SEHC01,住房（位置性）,Owners' equivalent rent of primary residence,222.2,M12,
2004-01,CUUR0000SEHC01,住房（位置性）,Owners' equivalent rent of primary residence,222.6,M01,
2004-02,CUUR0000SEHC01,住房（位置性）,Owners' equivalent rent of primary residence,222.9,M02,
2004-03,CUUR0000SEHC01,住房（位置性）,Owners' equivalent rent of primary residence,223.3,M03,
2004-04,CUUR0000SEHC01,住房（位置性）,Owners' equivalent rent of primary residence,223.9,M04,
2004-05,CUUR0000SEHC01,住房（位置性）,Owners' equivalent rent of primary residence,224.3,M05,
2004-06,CUUR0000SEHC01,住房（位置性）,Owners' equivalent rent of primary residence,224.7,M06,
2004-07,CUUR0000SEHC01,住房（位置性）,Owners' equivalent rent of primary residence,225.1,M07,
2004-08,CUUR0000SEHC01,住房（位置性）,Owners' equivalent rent of primary residence,225.7,M08,
2004-09,CUUR0000SEHC01,住房（位置性）,Owners' equivalent rent of primary residence,226.1,M09,
2004-10,CUUR0000SEHC01,住房（位置性）,Owners' equivalent rent of primary residence,226.5,M10,
2004-11,CUUR0000SEHC01,住房（位置性）,Owners' equivalent rent of primary residence,226.8,M11,
2004-12,CUUR0000SEHC01,住房（位置性）,Owners' equivalent rent of primary residence,227.2,M12,
2005-01,CUUR0000SEHC01,住房（位置性）,Owners' equivalent rent of primary residence,227.8,M01,
2005-02,CUUR0000SEHC01,住房（位置性）,Owners' equivalent rent of primary residence,228.4,M02,
2005-03,CUUR0000SEHC01,住房（位置性）,Owners' equivalent rent of primary residence,228.7,M03,
2005-04,CUUR0000SEHC01,住房（位置性）,Owners' equivalent rent of primary residence,229.0,M04,
2005-05,CUUR0000SEHC01,住房（位置性）,Owners' equivalent rent of primary residence,229.4,M05,
2005-06,CUUR0000SEHC01,住房（位置性）,Owners' equivalent rent of primary residence,229.7,M06,
2005-07,CUUR0000SEHC01,住房（位置性）,Owners' equivalent rent of primary residence,230.2,M07,
2005-08,CUUR0000SEHC01,住房（位置性）,Owners' equivalent rent of primary residence,230.7,M08,
2005-09,CUUR0000SEHC01,住房（位置性）,Owners' equivalent rent of primary residence,231.2,M09,
2005-10,CUUR0000SEHC01,住房（位置性）,Owners' equivalent rent of primary residence,231.7,M10,
2005-11,CUUR0000SEHC01,住房（位置性）,Owners' equivalent rent of primary residence,232.2,M11,
2005-12,CUUR0000SEHC01,住房（位置性）,Owners' equivalent rent of primary residence,232.8,M12,
2006-01,CUUR0000SEHC01,住房（位置性）,Owners' equivalent rent of primary residence,233.4,M01,
2006-02,CUUR0000SEHC01,住房（位置性）,Owners' equivalent rent of primary residence,234.1,M02,
2006-03,CUUR0000SEHC01,住房（位置性）,Owners' equivalent rent of primary residence,234.9,M03,
2006-04,CUUR0000SEHC01,住房（位置性）,Owners' equivalent rent of primary residence,235.8,M04,
2006-05,CUUR0000SEHC01,住房（位置性）,Owners' equivalent rent of primary residence,236.9,M05,
2006-06,CUUR0000SEHC01,住房（位置性）,Owners' equivalent rent of primary residence,237.9,M06,
2006-07,CUUR0000SEHC01,住房（位置性）,Owners' equivalent rent of primary residence,238.8,M07,
2006-08,CUUR0000SEHC01,住房（位置性）,Owners' equivalent rent of primary residence,239.7,M08,
2006-09,CUUR0000SEHC01,住房（位置性）,Owners' equivalent rent of primary residence,240.4,M09,
2006-10,CUUR0000SEHC01,住房（位置性）,Owners' equivalent rent of primary residence,241.3,M10,
2006-11,CUUR0000SEHC01,住房（位置性）,Owners' equivalent rent of primary residence,242.1,M11,
2006-12,CUUR0000SEHC01,住房（位置性）,Owners' equivalent rent of primary residence,242.8,M12,
2007-01,CUUR0000SEHC01,住房（位置性）,Owners' equivalent rent of primary residence,243.345,M01,
2007-02,CUUR0000SEHC01,住房（位置性）,Owners' equivalent rent of primary residence,244.02,M02,
2007-03,CUUR0000SEHC01,住房（位置性）,Owners' equivalent rent of primary residence,244.602,M03,
2007-04,CUUR0000SEHC01,住房（位置性）,Owners' equivalent rent of primary residence,244.993,M04,
2007-05,CUUR0000SEHC01,住房（位置性）,Owners' equivalent rent of primary residence,245.236,M05,
2007-06,CUUR0000SEHC01,住房（位置性）,Owners' equivalent rent of primary residence,245.69,M06,
2007-07,CUUR0000SEHC01,住房（位置性）,Owners' equivalent rent of primary residence,246.149,M07,
2007-08,CUUR0000SEHC01,住房（位置性）,Owners' equivalent rent of primary residence,246.815,M08,
2007-09,CUUR0000SEHC01,住房（位置性）,Owners' equivalent rent of primary residence,247.487,M09,
2007-10,CUUR0000SEHC01,住房（位置性）,Owners' equivalent rent of primary residence,248.075,M10,
2007-11,CUUR0000SEHC01,住房（位置性）,Owners' equivalent rent of primary residence,248.876,M11,
2007-12,CUUR0000SEHC01,住房（位置性）,Owners' equivalent rent of primary residence,249.532,M12,
2008-01,CUUR0000SEHC01,住房（位置性）,Owners' equivalent rent of primary residence,250.106,M01,
2008-02,CUUR0000SEHC01,住房（位置性）,Owners' equivalent rent of primary residence,250.481,M02,
2008-03,CUUR0000SEHC01,住房（位置性）,Owners' equivalent rent of primary residence,250.966,M03,
2008-04,CUUR0000SEHC01,住房（位置性）,Owners' equivalent rent of primary residence,251.418,M04,
2008-05,CUUR0000SEHC01,住房（位置性）,Owners' equivalent rent of primary residence,251.576,M05,
2008-06,CUUR0000SEHC01,住房（位置性）,Owners' equivalent rent of primary residence,252.17,M06,
2008-07,CUUR0000SEHC01,住房（位置性）,Owners' equivalent rent of primary residence,252.504,M07,
2008-08,CUUR0000SEHC01,住房（位置性）,Owners' equivalent rent of primary residence,252.957,M08,
2008-09,CUUR0000SEHC01,住房（位置性）,Owners' equivalent rent of primary residence,253.493,M09,
2008-10,CUUR0000SEHC01,住房（位置性）,Owners' equivalent rent of primary residence,253.902,M10,
2008-11,CUUR0000SEHC01,住房（位置性）,Owners' equivalent rent of primary residence,254.669,M11,
2008-12,CUUR0000SEHC01,住房（位置性）,Owners' equivalent rent of primary residence,254.875,M12,
2009-01,CUUR0000SEHC01,住房（位置性）,Owners' equivalent rent of primary residence,255.5,M01,
2009-02,CUUR0000SEHC01,住房（位置性）,Owners' equivalent rent of primary residence,255.779,M02,
2009-03,CUUR0000SEHC01,住房（位置性）,Owners' equivalent rent of primary residence,256.321,M03,
2009-04,CUUR0000SEHC01,住房（位置性）,Owners' equivalent rent of primary residence,256.622,M04,
2009-05,CUUR0000SEHC01,住房（位置性）,Owners' equivalent rent of primary residence,256.875,M05,
2009-06,CUUR0000SEHC01,住房（位置性）,Owners' equivalent rent of primary residence,256.981,M06,
2009-07,CUUR0000SEHC01,住房（位置性）,Owners' equivalent rent of primary residence,256.872,M07,
2009-08,CUUR0000SEHC01,住房（位置性）,Owners' equivalent rent of primary residence,257.155,M08,
2009-09,CUUR0000SEHC01,住房（位置性）,Owners' equivalent rent of primary residence,256.865,M09,
2009-10,CUUR0000SEHC01,住房（位置性）,Owners' equivalent rent of primary residence,256.89,M10,
2009-11,CUUR0000SEHC01,住房（位置性）,Owners' equivalent rent of primary residence,256.731,M11,
2009-12,CUUR0000SEHC01,住房（位置性）,Owners' equivalent rent of primary residence,256.727,M12,
2010-01,CUUR0000SEHC01,住房（位置性）,Owners' equivalent rent of primary residence,256.589,M01,
2010-02,CUUR0000SEHC01,住房（位置性）,Owners' equivalent rent of primary residence,256.479,M02,
2010-03,CUUR0000SEHC01,住房（位置性）,Owners' equivalent rent of primary residence,256.266,M03,
2010-04,CUUR0000SEHC01,住房（位置性）,Owners' equivalent rent of primary residence,256.165,M04,
2010-05,CUUR0000SEHC01,住房（位置性）,Owners' equivalent rent of primary residence,256.159,M05,
2010-06,CUUR0000SEHC01,住房（位置性）,Owners' equivalent rent of primary residence,256.347,M06,
2010-07,CUUR0000SEHC01,住房（位置性）,Owners' equivalent rent of primary residence,256.387,M07,
2010-08,CUUR0000SEHC01,住房（位置性）,Owners' equivalent rent of primary residence,256.503,M08,
2010-09,CUUR0000SEHC01,住房（位置性）,Owners' equivalent rent of primary residence,256.584,M09,
2010-10,CUUR0000SEHC01,住房（位置性）,Owners' equivalent rent of primary residence,256.817,M10,
2010-11,CUUR0000SEHC01,住房（位置性）,Owners' equivalent rent of primary residence,257.194,M11,
2010-12,CUUR0000SEHC01,住房（位置性）,Owners' equivalent rent of primary residence,257.444,M12,
2011-01,CUUR0000SEHC01,住房（位置性）,Owners' equivalent rent of primary residence,257.764,M01,
2011-02,CUUR0000SEHC01,住房（位置性）,Owners' equivalent rent of primary residence,258.06,M02,
2011-03,CUUR0000SEHC01,住房（位置性）,Owners' equivalent rent of primary residence,258.253,M03,
2011-04,CUUR0000SEHC01,住房（位置性）,Owners' equivalent rent of primary residence,258.387,M04,
2011-05,CUUR0000SEHC01,住房（位置性）,Owners' equivalent rent of primary residence,258.574,M05,
2011-06,CUUR0000SEHC01,住房（位置性）,Owners' equivalent rent of primary residence,258.996,M06,
2011-07,CUUR0000SEHC01,住房（位置性）,Owners' equivalent rent of primary residence,259.555,M07,
2011-08,CUUR0000SEHC01,住房（位置性）,Owners' equivalent rent of primary residence,260.159,M08,
2011-09,CUUR0000SEHC01,住房（位置性）,Owners' equivalent rent of primary residence,260.433,M09,
2011-10,CUUR0000SEHC01,住房（位置性）,Owners' equivalent rent of primary residence,261.011,M10,
2011-11,CUUR0000SEHC01,住房（位置性）,Owners' equivalent rent of primary residence,261.479,M11,
2011-12,CUUR0000SEHC01,住房（位置性）,Owners' equivalent rent of primary residence,261.96,M12,
2012-01,CUUR0000SEHC01,住房（位置性）,Owners' equivalent rent of primary residence,262.522,M01,
2012-02,CUUR0000SEHC01,住房（位置性）,Owners' equivalent rent of primary residence,262.788,M02,
2012-03,CUUR0000SEHC01,住房（位置性）,Owners' equivalent rent of primary residence,263.294,M03,
2012-04,CUUR0000SEHC01,住房（位置性）,Owners' equivalent rent of primary residence,263.742,M04,
2012-05,CUUR0000SEHC01,住房（位置性）,Owners' equivalent rent of primary residence,263.988,M05,
2012-06,CUUR0000SEHC01,住房（位置性）,Owners' equivalent rent of primary residence,264.25,M06,
2012-07,CUUR0000SEHC01,住房（位置性）,Owners' equivalent rent of primary residence,264.712,M07,
2012-08,CUUR0000SEHC01,住房（位置性）,Owners' equivalent rent of primary residence,265.395,M08,
2012-09,CUUR0000SEHC01,住房（位置性）,Owners' equivalent rent of primary residence,265.986,M09,
2012-10,CUUR0000SEHC01,住房（位置性）,Owners' equivalent rent of primary residence,266.554,M10,
2012-11,CUUR0000SEHC01,住房（位置性）,Owners' equivalent rent of primary residence,267.073,M11,
2012-12,CUUR0000SEHC01,住房（位置性）,Owners' equivalent rent of primary residence,267.454,M12,
2013-01,CUUR0000SEHC01,住房（位置性）,Owners' equivalent rent of primary residence,267.972,M01,
2013-02,CUUR0000SEHC01,住房（位置性）,Owners' equivalent rent of primary residence,268.424,M02,
2013-03,CUUR0000SEHC01,住房（位置性）,Owners' equivalent rent of primary residence,268.778,M03,
2013-04,CUUR0000SEHC01,住房（位置性）,Owners' equivalent rent of primary residence,269.193,M04,
2013-05,CUUR0000SEHC01,住房（位置性）,Owners' equivalent rent of primary residence,269.611,M05,
2013-06,CUUR0000SEHC01,住房（位置性）,Owners' equivalent rent of primary residence,270.1,M06,
2013-07,CUUR0000SEHC01,住房（位置性）,Owners' equivalent rent of primary residence,270.511,M07,
2013-08,CUUR0000SEHC01,住房（位置性）,Owners' equivalent rent of primary residence,271.329,M08,
2013-09,CUUR0000SEHC01,住房（位置性）,Owners' equivalent rent of primary residence,271.891,M09,
2013-10,CUUR0000SEHC01,住房（位置性）,Owners' equivalent rent of primary residence,272.599,M10,
2013-11,CUUR0000SEHC01,住房（位置性）,Owners' equivalent rent of primary residence,273.413,M11,
2013-12,CUUR0000SEHC01,住房（位置性）,Owners' equivalent rent of primary residence,274.112,M12,
2014-01,CUUR0000SEHC01,住房（位置性）,Owners' equivalent rent of primary residence,274.713,M01,
2014-02,CUUR0000SEHC01,住房（位置性）,Owners' equivalent rent of primary residence,275.159,M02,
2014-03,CUUR0000SEHC01,住房（位置性）,Owners' equivalent rent of primary residence,275.795,M03,
2014-04,CUUR0000SEHC01,住房（位置性）,Owners' equivalent rent of primary residence,276.245,M04,
2014-05,CUUR0000SEHC01,住房（位置性）,Owners' equivalent rent of primary residence,276.728,M05,
2014-06,CUUR0000SEHC01,住房（位置性）,Owners' equivalent rent of primary residence,277.234,M06,
2014-07,CUUR0000SEHC01,住房（位置性）,Owners' equivalent rent of primary residence,277.865,M07,
2014-08,CUUR0000SEHC01,住房（位置性）,Owners' equivalent rent of primary residence,278.6,M08,
2014-09,CUUR0000SEHC01,住房（位置性）,Owners' equivalent rent of primary residence,279.268,M09,
2014-10,CUUR0000SEHC01,住房（位置性）,Owners' equivalent rent of primary residence,280.022,M10,
2014-11,CUUR0000SEHC01,住房（位置性）,Owners' equivalent rent of primary residence,280.811,M11,
2014-12,CUUR0000SEHC01,住房（位置性）,Owners' equivalent rent of primary residence,281.261,M12,
2015-01,CUUR0000SEHC01,住房（位置性）,Owners' equivalent rent of primary residence,281.951,M01,
2015-02,CUUR0000SEHC01,住房（位置性）,Owners' equivalent rent of primary residence,282.549,M02,
2015-03,CUUR0000SEHC01,住房（位置性）,Owners' equivalent rent of primary residence,283.216,M03,
2015-04,CUUR0000SEHC01,住房（位置性）,Owners' equivalent rent of primary residence,283.891,M04,
2015-05,CUUR0000SEHC01,住房（位置性）,Owners' equivalent rent of primary residence,284.442,M05,
2015-06,CUUR0000SEHC01,住房（位置性）,Owners' equivalent rent of primary residence,285.4,M06,
2015-07,CUUR0000SEHC01,住房（位置性）,Owners' equivalent rent of primary residence,286.183,M07,
2015-08,CUUR0000SEHC01,住房（位置性）,Owners' equivalent rent of primary residence,286.988,M08,
2015-09,CUUR0000SEHC01,住房（位置性）,Owners' equivalent rent of primary residence,287.871,M09,
2015-10,CUUR0000SEHC01,住房（位置性）,Owners' equivalent rent of primary residence,288.656,M10,
2015-11,CUUR0000SEHC01,住房（位置性）,Owners' equivalent rent of primary residence,289.436,M11,
2015-12,CUUR0000SEHC01,住房（位置性）,Owners' equivalent rent of primary residence,290.089,M12,
2016-01,CUUR0000SEHC01,住房（位置性）,Owners' equivalent rent of primary residence,290.842,M01,
2016-02,CUUR0000SEHC01,住房（位置性）,Owners' equivalent rent of primary residence,291.463,M02,
2016-03,CUUR0000SEHC01,住房（位置性）,Owners' equivalent rent of primary residence,292.039,M03,
2016-04,CUUR0000SEHC01,住房（位置性）,Owners' equivalent rent of primary residence,292.815,M04,
2016-05,CUUR0000SEHC01,住房（位置性）,Owners' equivalent rent of primary residence,293.722,M05,
2016-06,CUUR0000SEHC01,住房（位置性）,Owners' equivalent rent of primary residence,294.665,M06,
2016-07,CUUR0000SEHC01,住房（位置性）,Owners' equivalent rent of primary residence,295.518,M07,
2016-08,CUUR0000SEHC01,住房（位置性）,Owners' equivalent rent of primary residence,296.488,M08,
2016-09,CUUR0000SEHC01,住房（位置性）,Owners' equivalent rent of primary residence,297.606,M09,
2016-10,CUUR0000SEHC01,住房（位置性）,Owners' equivalent rent of primary residence,298.612,M10,
2016-11,CUUR0000SEHC01,住房（位置性）,Owners' equivalent rent of primary residence,299.707,M11,
2016-12,CUUR0000SEHC01,住房（位置性）,Owners' equivalent rent of primary residence,300.476,M12,
2017-01,CUUR0000SEHC01,住房（位置性）,Owners' equivalent rent of primary residence,301.161,M01,
2017-02,CUUR0000SEHC01,住房（位置性）,Owners' equivalent rent of primary residence,301.768,M02,
2017-03,CUUR0000SEHC01,住房（位置性）,Owners' equivalent rent of primary residence,302.242,M03,
2017-04,CUUR0000SEHC01,住房（位置性）,Owners' equivalent rent of primary residence,302.753,M04,
2017-05,CUUR0000SEHC01,住房（位置性）,Owners' equivalent rent of primary residence,303.297,M05,
2017-06,CUUR0000SEHC01,住房（位置性）,Owners' equivalent rent of primary residence,304.206,M06,
2017-07,CUUR0000SEHC01,住房（位置性）,Owners' equivalent rent of primary residence,305.03,M07,
2017-08,CUUR0000SEHC01,住房（位置性）,Owners' equivalent rent of primary residence,306.198,M08,
2017-09,CUUR0000SEHC01,住房（位置性）,Owners' equivalent rent of primary residence,307.106,M09,
2017-10,CUUR0000SEHC01,住房（位置性）,Owners' equivalent rent of primary residence,308.192,M10,
2017-11,CUUR0000SEHC01,住房（位置性）,Owners' equivalent rent of primary residence,309.105,M11,
2017-12,CUUR0000SEHC01,住房（位置性）,Owners' equivalent rent of primary residence,310.048,M12,
1998-01,CUUR0000SAF,食品饮料,Food and beverages,160.3,M01,
1998-02,CUUR0000SAF,食品饮料,Food and beverages,159.8,M02,
1998-03,CUUR0000SAF,食品饮料,Food and beverages,160.1,M03,
1998-04,CUUR0000SAF,食品饮料,Food and beverages,160.2,M04,
1998-05,CUUR0000SAF,食品饮料,Food and beverages,160.7,M05,
1998-06,CUUR0000SAF,食品饮料,Food and beverages,160.6,M06,
1998-07,CUUR0000SAF,食品饮料,Food and beverages,160.9,M07,
1998-08,CUUR0000SAF,食品饮料,Food and beverages,161.4,M08,
1998-09,CUUR0000SAF,食品饮料,Food and beverages,161.5,M09,
1998-10,CUUR0000SAF,食品饮料,Food and beverages,162.4,M10,
1998-11,CUUR0000SAF,食品饮料,Food and beverages,162.5,M11,
1998-12,CUUR0000SAF,食品饮料,Food and beverages,162.7,M12,
1999-01,CUUR0000SAF,食品饮料,Food and beverages,163.9,M01,
1999-02,CUUR0000SAF,食品饮料,Food and beverages,163.8,M02,
1999-03,CUUR0000SAF,食品饮料,Food and beverages,163.7,M03,
1999-04,CUUR0000SAF,食品饮料,Food and beverages,163.9,M04,
1999-05,CUUR0000SAF,食品饮料,Food and beverages,164.2,M05,
1999-06,CUUR0000SAF,食品饮料,Food and beverages,164.1,M06,
1999-07,CUUR0000SAF,食品饮料,Food and beverages,164.2,M07,
1999-08,CUUR0000SAF,食品饮料,Food and beverages,164.7,M08,
1999-09,CUUR0000SAF,食品饮料,Food and beverages,165.1,M09,
1999-10,CUUR0000SAF,食品饮料,Food and beverages,165.5,M10,
1999-11,CUUR0000SAF,食品饮料,Food and beverages,165.7,M11,
1999-12,CUUR0000SAF,食品饮料,Food and beverages,165.9,M12,
2000-01,CUUR0000SAF,食品饮料,Food and beverages,166.6,M01,
2000-02,CUUR0000SAF,食品饮料,Food and beverages,166.8,M02,
2000-03,CUUR0000SAF,食品饮料,Food and beverages,167.1,M03,
2000-04,CUUR0000SAF,食品饮料,Food and beverages,167.2,M04,
2000-05,CUUR0000SAF,食品饮料,Food and beverages,167.8,M05,
2000-06,CUUR0000SAF,食品饮料,Food and beverages,167.9,M06,
2000-07,CUUR0000SAF,食品饮料,Food and beverages,168.7,M07,
2000-08,CUUR0000SAF,食品饮料,Food and beverages,169.2,M08,
2000-09,CUUR0000SAF,食品饮料,Food and beverages,169.4,M09,
2000-10,CUUR0000SAF,食品饮料,Food and beverages,169.6,M10,
2000-11,CUUR0000SAF,食品饮料,Food and beverages,169.5,M11,
2000-12,CUUR0000SAF,食品饮料,Food and beverages,170.5,M12,
2001-01,CUUR0000SAF,食品饮料,Food and beverages,171.4,M01,
2001-02,CUUR0000SAF,食品饮料,Food and beverages,171.8,M02,
2001-03,CUUR0000SAF,食品饮料,Food and beverages,172.2,M03,
2001-04,CUUR0000SAF,食品饮料,Food and beverages,172.4,M04,
2001-05,CUUR0000SAF,食品饮料,Food and beverages,172.9,M05,
2001-06,CUUR0000SAF,食品饮料,Food and beverages,173.4,M06,
2001-07,CUUR0000SAF,食品饮料,Food and beverages,174.0,M07,
2001-08,CUUR0000SAF,食品饮料,Food and beverages,174.4,M08,
2001-09,CUUR0000SAF,食品饮料,Food and beverages,174.6,M09,
2001-10,CUUR0000SAF,食品饮料,Food and beverages,175.3,M10,
2001-11,CUUR0000SAF,食品饮料,Food and beverages,175.2,M11,
2001-12,CUUR0000SAF,食品饮料,Food and beverages,175.2,M12,
2002-01,CUUR0000SAF,食品饮料,Food and beverages,176.2,M01,
2002-02,CUUR0000SAF,食品饮料,Food and beverages,176.4,M02,
2002-03,CUUR0000SAF,食品饮料,Food and beverages,176.6,M03,
2002-04,CUUR0000SAF,食品饮料,Food and beverages,176.7,M04,
2002-05,CUUR0000SAF,食品饮料,Food and beverages,176.4,M05,
2002-06,CUUR0000SAF,食品饮料,Food and beverages,176.4,M06,
2002-07,CUUR0000SAF,食品饮料,Food and beverages,176.6,M07,
2002-08,CUUR0000SAF,食品饮料,Food and beverages,176.6,M08,
2002-09,CUUR0000SAF,食品饮料,Food and beverages,176.9,M09,
2002-10,CUUR0000SAF,食品饮料,Food and beverages,177.1,M10,
2002-11,CUUR0000SAF,食品饮料,Food and beverages,177.4,M11,
2002-12,CUUR0000SAF,食品饮料,Food and beverages,177.8,M12,
2003-01,CUUR0000SAF,食品饮料,Food and beverages,178.1,M01,
2003-02,CUUR0000SAF,食品饮料,Food and beverages,178.9,M02,
2003-03,CUUR0000SAF,食品饮料,Food and beverages,179.2,M03,
2003-04,CUUR0000SAF,食品饮料,Food and beverages,179.0,M04,
2003-05,CUUR0000SAF,食品饮料,Food and beverages,179.4,M05,
2003-06,CUUR0000SAF,食品饮料,Food and beverages,180.2,M06,
2003-07,CUUR0000SAF,食品饮料,Food and beverages,180.3,M07,
2003-08,CUUR0000SAF,食品饮料,Food and beverages,180.9,M08,
2003-09,CUUR0000SAF,食品饮料,Food and beverages,181.3,M09,
2003-10,CUUR0000SAF,食品饮料,Food and beverages,182.2,M10,
2003-11,CUUR0000SAF,食品饮料,Food and beverages,182.9,M11,
2003-12,CUUR0000SAF,食品饮料,Food and beverages,184.1,M12,
2004-01,CUUR0000SAF,食品饮料,Food and beverages,184.3,M01,
2004-02,CUUR0000SAF,食品饮料,Food and beverages,184.5,M02,
2004-03,CUUR0000SAF,食品饮料,Food and beverages,184.9,M03,
2004-04,CUUR0000SAF,食品饮料,Food and beverages,185.0,M04,
2004-05,CUUR0000SAF,食品饮料,Food and beverages,186.5,M05,
2004-06,CUUR0000SAF,食品饮料,Food and beverages,186.8,M06,
2004-07,CUUR0000SAF,食品饮料,Food and beverages,187.2,M07,
2004-08,CUUR0000SAF,食品饮料,Food and beverages,187.3,M08,
2004-09,CUUR0000SAF,食品饮料,Food and beverages,187.2,M09,
2004-10,CUUR0000SAF,食品饮料,Food and beverages,188.4,M10,
2004-11,CUUR0000SAF,食品饮料,Food and beverages,188.6,M11,
2004-12,CUUR0000SAF,食品饮料,Food and beverages,188.9,M12,
2005-01,CUUR0000SAF,食品饮料,Food and beverages,189.5,M01,
2005-02,CUUR0000SAF,食品饮料,Food and beverages,189.3,M02,
2005-03,CUUR0000SAF,食品饮料,Food and beverages,189.6,M03,
2005-04,CUUR0000SAF,食品饮料,Food and beverages,190.7,M04,
2005-05,CUUR0000SAF,食品饮料,Food and beverages,191.1,M05,
2005-06,CUUR0000SAF,食品饮料,Food and beverages,190.9,M06,
2005-07,CUUR0000SAF,食品饮料,Food and beverages,191.3,M07,
2005-08,CUUR0000SAF,食品饮料,Food and beverages,191.3,M08,
2005-09,CUUR0000SAF,食品饮料,Food and beverages,191.8,M09,
2005-10,CUUR0000SAF,食品饮料,Food and beverages,192.5,M10,
2005-11,CUUR0000SAF,食品饮料,Food and beverages,192.8,M11,
2005-12,CUUR0000SAF,食品饮料,Food and beverages,193.2,M12,
2006-01,CUUR0000SAF,食品饮料,Food and beverages,194.5,M01,
2006-02,CUUR0000SAF,食品饮料,Food and beverages,194.4,M02,
2006-03,CUUR0000SAF,食品饮料,Food and beverages,194.5,M03,
2006-04,CUUR0000SAF,食品饮料,Food and beverages,194.2,M04,
2006-05,CUUR0000SAF,食品饮料,Food and beverages,194.7,M05,
2006-06,CUUR0000SAF,食品饮料,Food and beverages,195.1,M06,
2006-07,CUUR0000SAF,食品饮料,Food and beverages,195.6,M07,
2006-08,CUUR0000SAF,食品饮料,Food and beverages,196.0,M08,
2006-09,CUUR0000SAF,食品饮料,Food and beverages,196.7,M09,
2006-10,CUUR0000SAF,食品饮料,Food and beverages,197.5,M10,
2006-11,CUUR0000SAF,食品饮料,Food and beverages,197.2,M11,
2006-12,CUUR0000SAF,食品饮料,Food and beverages,197.4,M12,
2007-01,CUUR0000SAF,食品饮料,Food and beverages,199.198,M01,
2007-02,CUUR0000SAF,食品饮料,Food and beverages,200.402,M02,
2007-03,CUUR0000SAF,食品饮料,Food and beverages,200.869,M03,
2007-04,CUUR0000SAF,食品饮料,Food and beverages,201.292,M04,
2007-05,CUUR0000SAF,食品饮料,Food and beverages,202.225,M05,
2007-06,CUUR0000SAF,食品饮料,Food and beverages,202.885,M06,
2007-07,CUUR0000SAF,食品饮料,Food and beverages,203.533,M07,
2007-08,CUUR0000SAF,食品饮料,Food and beverages,204.289,M08,
2007-09,CUUR0000SAF,食品饮料,Food and beverages,205.279,M09,
2007-10,CUUR0000SAF,食品饮料,Food and beverages,206.124,M10,
2007-11,CUUR0000SAF,食品饮料,Food and beverages,206.563,M11,
2007-12,CUUR0000SAF,食品饮料,Food and beverages,206.936,M12,
2008-01,CUUR0000SAF,食品饮料,Food and beverages,208.837,M01,
2008-02,CUUR0000SAF,食品饮料,Food and beverages,209.462,M02,
2008-03,CUUR0000SAF,食品饮料,Food and beverages,209.692,M03,
2008-04,CUUR0000SAF,食品饮料,Food and beverages,211.365,M04,
2008-05,CUUR0000SAF,食品饮料,Food and beverages,212.251,M05,
2008-06,CUUR0000SAF,食品饮料,Food and beverages,213.383,M06,
2008-07,CUUR0000SAF,食品饮料,Food and beverages,215.326,M07,
2008-08,CUUR0000SAF,食品饮料,Food and beverages,216.419,M08,
2008-09,CUUR0000SAF,食品饮料,Food and beverages,217.672,M09,
2008-10,CUUR0000SAF,食品饮料,Food and beverages,218.705,M10,
2008-11,CUUR0000SAF,食品饮料,Food and beverages,218.752,M11,
2008-12,CUUR0000SAF,食品饮料,Food and beverages,218.839,M12,
2009-01,CUUR0000SAF,食品饮料,Food and beverages,219.729,M01,
2009-02,CUUR0000SAF,食品饮料,Food and beverages,219.333,M02,
2009-03,CUUR0000SAF,食品饮料,Food and beverages,218.794,M03,
2009-04,CUUR0000SAF,食品饮料,Food and beverages,218.364,M04,
2009-05,CUUR0000SAF,食品饮料,Food and beverages,218.076,M05,
2009-06,CUUR0000SAF,食品饮料,Food and beverages,218.03,M06,
2009-07,CUUR0000SAF,食品饮料,Food and beverages,217.608,M07,
2009-08,CUUR0000SAF,食品饮料,Food and beverages,217.701,M08,
2009-09,CUUR0000SAF,食品饮料,Food and beverages,217.617,M09,
2009-10,CUUR0000SAF,食品饮料,Food and beverages,217.957,M10,
2009-11,CUUR0000SAF,食品饮料,Food and beverages,217.733,M11,
2009-12,CUUR0000SAF,食品饮料,Food and beverages,218.049,M12,
2010-01,CUUR0000SAF,食品饮料,Food and beverages,219.223,M01,
2010-02,CUUR0000SAF,食品饮料,Food and beverages,219.14,M02,
2010-03,CUUR0000SAF,食品饮料,Food and beverages,219.378,M03,
2010-04,CUUR0000SAF,食品饮料,Food and beverages,219.536,M04,
2010-05,CUUR0000SAF,食品饮料,Food and beverages,219.693,M05,
2010-06,CUUR0000SAF,食品饮料,Food and beverages,219.562,M06,
2010-07,CUUR0000SAF,食品饮料,Food and beverages,219.539,M07,
2010-08,CUUR0000SAF,食品饮料,Food and beverages,219.877,M08,
2010-09,CUUR0000SAF,食品饮料,Food and beverages,220.586,M09,
2010-10,CUUR0000SAF,食品饮料,Food and beverages,221.005,M10,
2010-11,CUUR0000SAF,食品饮料,Food and beverages,220.991,M11,
2010-12,CUUR0000SAF,食品饮料,Food and beverages,221.278,M12,
2011-01,CUUR0000SAF,食品饮料,Food and beverages,223.16,M01,
2011-02,CUUR0000SAF,食品饮料,Food and beverages,224.039,M02,
2011-03,CUUR0000SAF,食品饮料,Food and beverages,225.479,M03,
2011-04,CUUR0000SAF,食品饮料,Food and beverages,226.248,M04,
2011-05,CUUR0000SAF,食品饮料,Food and beverages,227.082,M05,
2011-06,CUUR0000SAF,食品饮料,Food and beverages,227.451,M06,
2011-07,CUUR0000SAF,食品饮料,Food and beverages,228.323,M07,
2011-08,CUUR0000SAF,食品饮料,Food and beverages,229.49,M08,
2011-09,CUUR0000SAF,食品饮料,Food and beverages,230.448,M09,
2011-10,CUUR0000SAF,食品饮料,Food and beverages,230.885,M10,
2011-11,CUUR0000SAF,食品饮料,Food and beverages,230.656,M11,
2011-12,CUUR0000SAF,食品饮料,Food and beverages,231.13,M12,
2012-01,CUUR0000SAF,食品饮料,Food and beverages,232.559,M01,
2012-02,CUUR0000SAF,食品饮料,Food and beverages,232.453,M02,
2012-03,CUUR0000SAF,食品饮料,Food and beverages,232.708,M03,
2012-04,CUUR0000SAF,食品饮料,Food and beverages,233.116,M04,
2012-05,CUUR0000SAF,食品饮料,Food and beverages,233.257,M05,
2012-06,CUUR0000SAF,食品饮料,Food and beverages,233.509,M06,
2012-07,CUUR0000SAF,食品饮料,Food and beverages,233.557,M07,
2012-08,CUUR0000SAF,食品饮料,Food and beverages,234.017,M08,
2012-09,CUUR0000SAF,食品饮料,Food and beverages,234.172,M09,
2012-10,CUUR0000SAF,食品饮料,Food and beverages,234.718,M10,
2012-11,CUUR0000SAF,食品饮料,Food and beverages,234.742,M11,
2012-12,CUUR0000SAF,食品饮料,Food and beverages,235.23,M12,
2013-01,CUUR0000SAF,食品饮料,Food and beverages,236.183,M01,
2013-02,CUUR0000SAF,食品饮料,Food and beverages,236.23,M02,
2013-03,CUUR0000SAF,食品饮料,Food and beverages,236.267,M03,
2013-04,CUUR0000SAF,食品饮料,Food and beverages,236.761,M04,
2013-05,CUUR0000SAF,食品饮料,Food and beverages,236.474,M05,
2013-06,CUUR0000SAF,食品饮料,Food and beverages,236.726,M06,
2013-07,CUUR0000SAF,食品饮料,Food and beverages,236.957,M07,
2013-08,CUUR0000SAF,食品饮料,Food and beverages,237.348,M08,
2013-09,CUUR0000SAF,食品饮料,Food and beverages,237.444,M09,
2013-10,CUUR0000SAF,食品饮料,Food and beverages,237.794,M10,
2013-11,CUUR0000SAF,食品饮料,Food and beverages,237.585,M11,
2013-12,CUUR0000SAF,食品饮料,Food and beverages,237.82,M12,
2014-01,CUUR0000SAF,食品饮料,Food and beverages,238.792,M01,
2014-02,CUUR0000SAF,食品饮料,Food and beverages,239.476,M02,
2014-03,CUUR0000SAF,食品饮料,Food and beverages,240.226,M03,
2014-04,CUUR0000SAF,食品饮料,Food and beverages,241.103,M04,
2014-05,CUUR0000SAF,食品饮料,Food and beverages,242.065,M05,
2014-06,CUUR0000SAF,食品饮料,Food and beverages,242.027,M06,
2014-07,CUUR0000SAF,食品饮料,Food and beverages,242.674,M07,
2014-08,CUUR0000SAF,食品饮料,Food and beverages,243.497,M08,
2014-09,CUUR0000SAF,食品饮料,Food and beverages,244.26,M09,
2014-10,CUUR0000SAF,食品饮料,Food and beverages,244.775,M10,
2014-11,CUUR0000SAF,食品饮料,Food and beverages,244.902,M11,
2014-12,CUUR0000SAF,食品饮料,Food and beverages,245.585,M12,
2015-01,CUUR0000SAF,食品饮料,Food and beverages,246.1,M01,
2015-02,CUUR0000SAF,食品饮料,Food and beverages,246.269,M02,
2015-03,CUUR0000SAF,食品饮料,Food and beverages,245.689,M03,
2015-04,CUUR0000SAF,食品饮料,Food and beverages,245.746,M04,
2015-05,CUUR0000SAF,食品饮料,Food and beverages,245.846,M05,
2015-06,CUUR0000SAF,食品饮料,Food and beverages,246.245,M06,
2015-07,CUUR0000SAF,食品饮料,Food and beverages,246.558,M07,
2015-08,CUUR0000SAF,食品饮料,Food and beverages,247.196,M08,
2015-09,CUUR0000SAF,食品饮料,Food and beverages,248.09,M09,
2015-10,CUUR0000SAF,食品饮料,Food and beverages,248.575,M10,
2015-11,CUUR0000SAF,食品饮料,Food and beverages,247.87,M11,
2015-12,CUUR0000SAF,食品饮料,Food and beverages,247.468,M12,
2016-01,CUUR0000SAF,食品饮料,Food and beverages,248.241,M01,
2016-02,CUUR0000SAF,食品饮料,Food and beverages,248.459,M02,
2016-03,CUUR0000SAF,食品饮料,Food and beverages,247.677,M03,
2016-04,CUUR0000SAF,食品饮料,Food and beverages,248.095,M04,
2016-05,CUUR0000SAF,食品饮料,Food and beverages,247.58,M05,
2016-06,CUUR0000SAF,食品饮料,Food and beverages,247.207,M06,
2016-07,CUUR0000SAF,食品饮料,Food and beverages,247.267,M07,
2016-08,CUUR0000SAF,食品饮料,Food and beverages,247.42,M08,
2016-09,CUUR0000SAF,食品饮料,Food and beverages,247.645,M09,
2016-10,CUUR0000SAF,食品饮料,Food and beverages,247.861,M10,
2016-11,CUUR0000SAF,食品饮料,Food and beverages,247.246,M11,
2016-12,CUUR0000SAF,食品饮料,Food and beverages,247.134,M12,
2017-01,CUUR0000SAF,食品饮料,Food and beverages,248.074,M01,
2017-02,CUUR0000SAF,食品饮料,Food and beverages,248.595,M02,
2017-03,CUUR0000SAF,食品饮料,Food and beverages,248.967,M03,
2017-04,CUUR0000SAF,食品饮料,Food and beverages,249.538,M04,
2017-05,CUUR0000SAF,食品饮料,Food and beverages,249.749,M05,
2017-06,CUUR0000SAF,食品饮料,Food and beverages,249.398,M06,
2017-07,CUUR0000SAF,食品饮料,Food and beverages,249.93,M07,
2017-08,CUUR0000SAF,食品饮料,Food and beverages,250.212,M08,
2017-09,CUUR0000SAF,食品饮料,Food and beverages,250.735,M09,
2017-10,CUUR0000SAF,食品饮料,Food and beverages,251.13,M10,
2017-11,CUUR0000SAF,食品饮料,Food and beverages,250.694,M11,
2017-12,CUUR0000SAF,食品饮料,Food and beverages,251.024,M12,
1998-01,CUUR0000SEED03,手机通信服务,Wireless telephone services,99.0,M01,
1998-02,CUUR0000SEED03,手机通信服务,Wireless telephone services,98.1,M02,
1998-03,CUUR0000SEED03,手机通信服务,Wireless telephone services,97.4,M03,
1998-04,CUUR0000SEED03,手机通信服务,Wireless telephone services,96.4,M04,
1998-05,CUUR0000SEED03,手机通信服务,Wireless telephone services,96.2,M05,
1998-06,CUUR0000SEED03,手机通信服务,Wireless telephone services,94.4,M06,
1998-07,CUUR0000SEED03,手机通信服务,Wireless telephone services,94.2,M07,
1998-08,CUUR0000SEED03,手机通信服务,Wireless telephone services,93.9,M08,
1998-09,CUUR0000SEED03,手机通信服务,Wireless telephone services,94.1,M09,
1998-10,CUUR0000SEED03,手机通信服务,Wireless telephone services,93.7,M10,
1998-11,CUUR0000SEED03,手机通信服务,Wireless telephone services,92.4,M11,
1998-12,CUUR0000SEED03,手机通信服务,Wireless telephone services,91.7,M12,
1999-01,CUUR0000SEED03,手机通信服务,Wireless telephone services,90.9,M01,
1999-02,CUUR0000SEED03,手机通信服务,Wireless telephone services,89.7,M02,
1999-03,CUUR0000SEED03,手机通信服务,Wireless telephone services,89.0,M03,
1999-04,CUUR0000SEED03,手机通信服务,Wireless telephone services,87.8,M04,
1999-05,CUUR0000SEED03,手机通信服务,Wireless telephone services,85.8,M05,
1999-06,CUUR0000SEED03,手机通信服务,Wireless telephone services,84.0,M06,
1999-07,CUUR0000SEED03,手机通信服务,Wireless telephone services,82.9,M07,
1999-08,CUUR0000SEED03,手机通信服务,Wireless telephone services,82.3,M08,
1999-09,CUUR0000SEED03,手机通信服务,Wireless telephone services,82.6,M09,
1999-10,CUUR0000SEED03,手机通信服务,Wireless telephone services,82.0,M10,
1999-11,CUUR0000SEED03,手机通信服务,Wireless telephone services,81.2,M11,
1999-12,CUUR0000SEED03,手机通信服务,Wireless telephone services,81.1,M12,
2000-01,CUUR0000SEED03,手机通信服务,Wireless telephone services,80.6,M01,
2000-02,CUUR0000SEED03,手机通信服务,Wireless telephone services,79.7,M02,
2000-03,CUUR0000SEED03,手机通信服务,Wireless telephone services,79.2,M03,
2000-04,CUUR0000SEED03,手机通信服务,Wireless telephone services,78.9,M04,
2000-05,CUUR0000SEED03,手机通信服务,Wireless telephone services,78.2,M05,
2000-06,CUUR0000SEED03,手机通信服务,Wireless telephone services,76.8,M06,
2000-07,CUUR0000SEED03,手机通信服务,Wireless telephone services,74.9,M07,
2000-08,CUUR0000SEED03,手机通信服务,Wireless telephone services,73.7,M08,
2000-09,CUUR0000SEED03,手机通信服务,Wireless telephone services,72.8,M09,
2000-10,CUUR0000SEED03,手机通信服务,Wireless telephone services,73.0,M10,
2000-11,CUUR0000SEED03,手机通信服务,Wireless telephone services,72.9,M11,
2000-12,CUUR0000SEED03,手机通信服务,Wireless telephone services,71.1,M12,
2001-01,CUUR0000SEED03,手机通信服务,Wireless telephone services,68.9,M01,
2001-02,CUUR0000SEED03,手机通信服务,Wireless telephone services,68.9,M02,
2001-03,CUUR0000SEED03,手机通信服务,Wireless telephone services,68.7,M03,
2001-04,CUUR0000SEED03,手机通信服务,Wireless telephone services,68.8,M04,
2001-05,CUUR0000SEED03,手机通信服务,Wireless telephone services,68.5,M05,
2001-06,CUUR0000SEED03,手机通信服务,Wireless telephone services,68.1,M06,
2001-07,CUUR0000SEED03,手机通信服务,Wireless telephone services,68.6,M07,
2001-08,CUUR0000SEED03,手机通信服务,Wireless telephone services,68.1,M08,
2001-09,CUUR0000SEED03,手机通信服务,Wireless telephone services,67.2,M09,
2001-10,CUUR0000SEED03,手机通信服务,Wireless telephone services,67.1,M10,
2001-11,CUUR0000SEED03,手机通信服务,Wireless telephone services,67.5,M11,
2001-12,CUUR0000SEED03,手机通信服务,Wireless telephone services,67.2,M12,
2002-01,CUUR0000SEED03,手机通信服务,Wireless telephone services,67.5,M01,
2002-02,CUUR0000SEED03,手机通信服务,Wireless telephone services,67.5,M02,
2002-03,CUUR0000SEED03,手机通信服务,Wireless telephone services,67.5,M03,
2002-04,CUUR0000SEED03,手机通信服务,Wireless telephone services,67.6,M04,
2002-05,CUUR0000SEED03,手机通信服务,Wireless telephone services,66.7,M05,
2002-06,CUUR0000SEED03,手机通信服务,Wireless telephone services,66.6,M06,
2002-07,CUUR0000SEED03,手机通信服务,Wireless telephone services,67.0,M07,
2002-08,CUUR0000SEED03,手机通信服务,Wireless telephone services,67.8,M08,
2002-09,CUUR0000SEED03,手机通信服务,Wireless telephone services,67.5,M09,
2002-10,CUUR0000SEED03,手机通信服务,Wireless telephone services,67.9,M10,
2002-11,CUUR0000SEED03,手机通信服务,Wireless telephone services,67.5,M11,
2002-12,CUUR0000SEED03,手机通信服务,Wireless telephone services,67.4,M12,
2003-01,CUUR0000SEED03,手机通信服务,Wireless telephone services,67.6,M01,
2003-02,CUUR0000SEED03,手机通信服务,Wireless telephone services,67.7,M02,
2003-03,CUUR0000SEED03,手机通信服务,Wireless telephone services,67.6,M03,
2003-04,CUUR0000SEED03,手机通信服务,Wireless telephone services,67.5,M04,
2003-05,CUUR0000SEED03,手机通信服务,Wireless telephone services,67.5,M05,
2003-06,CUUR0000SEED03,手机通信服务,Wireless telephone services,66.3,M06,
2003-07,CUUR0000SEED03,手机通信服务,Wireless telephone services,66.2,M07,
2003-08,CUUR0000SEED03,手机通信服务,Wireless telephone services,66.1,M08,
2003-09,CUUR0000SEED03,手机通信服务,Wireless telephone services,66.1,M09,
2003-10,CUUR0000SEED03,手机通信服务,Wireless telephone services,66.1,M10,
2003-11,CUUR0000SEED03,手机通信服务,Wireless telephone services,66.7,M11,
2003-12,CUUR0000SEED03,手机通信服务,Wireless telephone services,66.5,M12,
2004-01,CUUR0000SEED03,手机通信服务,Wireless telephone services,66.3,M01,
2004-02,CUUR0000SEED03,手机通信服务,Wireless telephone services,66.6,M02,
2004-03,CUUR0000SEED03,手机通信服务,Wireless telephone services,66.5,M03,
2004-04,CUUR0000SEED03,手机通信服务,Wireless telephone services,66.4,M04,
2004-05,CUUR0000SEED03,手机通信服务,Wireless telephone services,66.5,M05,
2004-06,CUUR0000SEED03,手机通信服务,Wireless telephone services,66.4,M06,
2004-07,CUUR0000SEED03,手机通信服务,Wireless telephone services,66.5,M07,
2004-08,CUUR0000SEED03,手机通信服务,Wireless telephone services,66.5,M08,
2004-09,CUUR0000SEED03,手机通信服务,Wireless telephone services,66.3,M09,
2004-10,CUUR0000SEED03,手机通信服务,Wireless telephone services,65.5,M10,
2004-11,CUUR0000SEED03,手机通信服务,Wireless telephone services,65.5,M11,
2004-12,CUUR0000SEED03,手机通信服务,Wireless telephone services,65.6,M12,
2005-01,CUUR0000SEED03,手机通信服务,Wireless telephone services,65.3,M01,
2005-02,CUUR0000SEED03,手机通信服务,Wireless telephone services,65.4,M02,
2005-03,CUUR0000SEED03,手机通信服务,Wireless telephone services,65.2,M03,
2005-04,CUUR0000SEED03,手机通信服务,Wireless telephone services,65.2,M04,
2005-05,CUUR0000SEED03,手机通信服务,Wireless telephone services,65.2,M05,
2005-06,CUUR0000SEED03,手机通信服务,Wireless telephone services,65.2,M06,
2005-07,CUUR0000SEED03,手机通信服务,Wireless telephone services,64.7,M07,
2005-08,CUUR0000SEED03,手机通信服务,Wireless telephone services,64.7,M08,
2005-09,CUUR0000SEED03,手机通信服务,Wireless telephone services,64.8,M09,
2005-10,CUUR0000SEED03,手机通信服务,Wireless telephone services,64.8,M10,
2005-11,CUUR0000SEED03,手机通信服务,Wireless telephone services,64.6,M11,
2005-12,CUUR0000SEED03,手机通信服务,Wireless telephone services,64.6,M12,
2006-01,CUUR0000SEED03,手机通信服务,Wireless telephone services,64.6,M01,
2006-02,CUUR0000SEED03,手机通信服务,Wireless telephone services,64.6,M02,
2006-03,CUUR0000SEED03,手机通信服务,Wireless telephone services,64.6,M03,
2006-04,CUUR0000SEED03,手机通信服务,Wireless telephone services,64.3,M04,
2006-05,CUUR0000SEED03,手机通信服务,Wireless telephone services,64.3,M05,
2006-06,CUUR0000SEED03,手机通信服务,Wireless telephone services,64.4,M06,
2006-07,CUUR0000SEED03,手机通信服务,Wireless telephone services,64.7,M07,
2006-08,CUUR0000SEED03,手机通信服务,Wireless telephone services,64.6,M08,
2006-09,CUUR0000SEED03,手机通信服务,Wireless telephone services,64.7,M09,
2006-10,CUUR0000SEED03,手机通信服务,Wireless telephone services,64.6,M10,
2006-11,CUUR0000SEED03,手机通信服务,Wireless telephone services,64.6,M11,
2006-12,CUUR0000SEED03,手机通信服务,Wireless telephone services,64.6,M12,
2007-01,CUUR0000SEED03,手机通信服务,Wireless telephone services,64.583,M01,
2007-02,CUUR0000SEED03,手机通信服务,Wireless telephone services,64.575,M02,
2007-03,CUUR0000SEED03,手机通信服务,Wireless telephone services,64.575,M03,
2007-04,CUUR0000SEED03,手机通信服务,Wireless telephone services,64.575,M04,
2007-05,CUUR0000SEED03,手机通信服务,Wireless telephone services,64.504,M05,
2007-06,CUUR0000SEED03,手机通信服务,Wireless telephone services,64.388,M06,
2007-07,CUUR0000SEED03,手机通信服务,Wireless telephone services,64.289,M07,
2007-08,CUUR0000SEED03,手机通信服务,Wireless telephone services,64.364,M08,
2007-09,CUUR0000SEED03,手机通信服务,Wireless telephone services,64.359,M09,
2007-10,CUUR0000SEED03,手机通信服务,Wireless telephone services,64.359,M10,
2007-11,CUUR0000SEED03,手机通信服务,Wireless telephone services,64.014,M11,
2007-12,CUUR0000SEED03,手机通信服务,Wireless telephone services,64.011,M12,
2008-01,CUUR0000SEED03,手机通信服务,Wireless telephone services,64.089,M01,
2008-02,CUUR0000SEED03,手机通信服务,Wireless telephone services,64.087,M02,
2008-03,CUUR0000SEED03,手机通信服务,Wireless telephone services,64.087,M03,
2008-04,CUUR0000SEED03,手机通信服务,Wireless telephone services,64.272,M04,
2008-05,CUUR0000SEED03,手机通信服务,Wireless telephone services,64.272,M05,
2008-06,CUUR0000SEED03,手机通信服务,Wireless telephone services,64.272,M06,
2008-07,CUUR0000SEED03,手机通信服务,Wireless telephone services,64.272,M07,
2008-08,CUUR0000SEED03,手机通信服务,Wireless telephone services,64.27,M08,
2008-09,CUUR0000SEED03,手机通信服务,Wireless telephone services,64.27,M09,
2008-10,CUUR0000SEED03,手机通信服务,Wireless telephone services,64.27,M10,
2008-11,CUUR0000SEED03,手机通信服务,Wireless telephone services,64.356,M11,
2008-12,CUUR0000SEED03,手机通信服务,Wireless telephone services,64.361,M12,
2009-01,CUUR0000SEED03,手机通信服务,Wireless telephone services,64.356,M01,
2009-02,CUUR0000SEED03,手机通信服务,Wireless telephone services,64.361,M02,
2009-03,CUUR0000SEED03,手机通信服务,Wireless telephone services,64.361,M03,
2009-04,CUUR0000SEED03,手机通信服务,Wireless telephone services,64.385,M04,
2009-05,CUUR0000SEED03,手机通信服务,Wireless telephone services,64.37,M05,
2009-06,CUUR0000SEED03,手机通信服务,Wireless telephone services,64.37,M06,
2009-07,CUUR0000SEED03,手机通信服务,Wireless telephone services,64.37,M07,
2009-08,CUUR0000SEED03,手机通信服务,Wireless telephone services,64.409,M08,
2009-09,CUUR0000SEED03,手机通信服务,Wireless telephone services,64.424,M09,
2009-10,CUUR0000SEED03,手机通信服务,Wireless telephone services,64.424,M10,
2009-11,CUUR0000SEED03,手机通信服务,Wireless telephone services,63.627,M11,
2009-12,CUUR0000SEED03,手机通信服务,Wireless telephone services,63.629,M12,
2010-01,CUUR0000SEED03,手机通信服务,Wireless telephone services,63.114,M01,
2010-02,CUUR0000SEED03,手机通信服务,Wireless telephone services,62.551,M02,
2010-03,CUUR0000SEED03,手机通信服务,Wireless telephone services,62.551,M03,
2010-04,CUUR0000SEED03,手机通信服务,Wireless telephone services,62.544,M04,
2010-05,CUUR0000SEED03,手机通信服务,Wireless telephone services,62.515,M05,
2010-06,CUUR0000SEED03,手机通信服务,Wireless telephone services,62.423,M06,
2010-07,CUUR0000SEED03,手机通信服务,Wireless telephone services,62.489,M07,
2010-08,CUUR0000SEED03,手机通信服务,Wireless telephone services,62.49,M08,
2010-09,CUUR0000SEED03,手机通信服务,Wireless telephone services,62.466,M09,
2010-10,CUUR0000SEED03,手机通信服务,Wireless telephone services,62.219,M10,
2010-11,CUUR0000SEED03,手机通信服务,Wireless telephone services,62.04,M11,
2010-12,CUUR0000SEED03,手机通信服务,Wireless telephone services,61.339,M12,
2011-01,CUUR0000SEED03,手机通信服务,Wireless telephone services,60.572,M01,
2011-02,CUUR0000SEED03,手机通信服务,Wireless telephone services,60.437,M02,
2011-03,CUUR0000SEED03,手机通信服务,Wireless telephone services,60.351,M03,
2011-04,CUUR0000SEED03,手机通信服务,Wireless telephone services,60.353,M04,
2011-05,CUUR0000SEED03,手机通信服务,Wireless telephone services,60.341,M05,
2011-06,CUUR0000SEED03,手机通信服务,Wireless telephone services,60.34,M06,
2011-07,CUUR0000SEED03,手机通信服务,Wireless telephone services,59.902,M07,
2011-08,CUUR0000SEED03,手机通信服务,Wireless telephone services,59.889,M08,
2011-09,CUUR0000SEED03,手机通信服务,Wireless telephone services,59.86,M09,
2011-10,CUUR0000SEED03,手机通信服务,Wireless telephone services,59.895,M10,
2011-11,CUUR0000SEED03,手机通信服务,Wireless telephone services,59.895,M11,
2011-12,CUUR0000SEED03,手机通信服务,Wireless telephone services,59.931,M12,
2012-01,CUUR0000SEED03,手机通信服务,Wireless telephone services,59.919,M01,
2012-02,CUUR0000SEED03,手机通信服务,Wireless telephone services,59.919,M02,
2012-03,CUUR0000SEED03,手机通信服务,Wireless telephone services,59.935,M03,
2012-04,CUUR0000SEED03,手机通信服务,Wireless telephone services,59.953,M04,
2012-05,CUUR0000SEED03,手机通信服务,Wireless telephone services,60.008,M05,
2012-06,CUUR0000SEED03,手机通信服务,Wireless telephone services,60.005,M06,
2012-07,CUUR0000SEED03,手机通信服务,Wireless telephone services,59.582,M07,
2012-08,CUUR0000SEED03,手机通信服务,Wireless telephone services,59.138,M08,
2012-09,CUUR0000SEED03,手机通信服务,Wireless telephone services,59.294,M09,
2012-10,CUUR0000SEED03,手机通信服务,Wireless telephone services,59.492,M10,
2012-11,CUUR0000SEED03,手机通信服务,Wireless telephone services,59.445,M11,
2012-12,CUUR0000SEED03,手机通信服务,Wireless telephone services,59.447,M12,
2013-01,CUUR0000SEED03,手机通信服务,Wireless telephone services,59.357,M01,
2013-02,CUUR0000SEED03,手机通信服务,Wireless telephone services,59.202,M02,
2013-03,CUUR0000SEED03,手机通信服务,Wireless telephone services,59.139,M03,
2013-04,CUUR0000SEED03,手机通信服务,Wireless telephone services,58.577,M04,
2013-05,CUUR0000SEED03,手机通信服务,Wireless telephone services,58.577,M05,
2013-06,CUUR0000SEED03,手机通信服务,Wireless telephone services,58.566,M06,
2013-07,CUUR0000SEED03,手机通信服务,Wireless telephone services,58.43,M07,
2013-08,CUUR0000SEED03,手机通信服务,Wireless telephone services,58.363,M08,
2013-09,CUUR0000SEED03,手机通信服务,Wireless telephone services,58.332,M09,
2013-10,CUUR0000SEED03,手机通信服务,Wireless telephone services,58.331,M10,
2013-11,CUUR0000SEED03,手机通信服务,Wireless telephone services,58.276,M11,
2013-12,CUUR0000SEED03,手机通信服务,Wireless telephone services,58.249,M12,
2014-01,CUUR0000SEED03,手机通信服务,Wireless telephone services,58.137,M01,
2014-02,CUUR0000SEED03,手机通信服务,Wireless telephone services,57.852,M02,
2014-03,CUUR0000SEED03,手机通信服务,Wireless telephone services,57.775,M03,
2014-04,CUUR0000SEED03,手机通信服务,Wireless telephone services,57.872,M04,
2014-05,CUUR0000SEED03,手机通信服务,Wireless telephone services,57.709,M05,
2014-06,CUUR0000SEED03,手机通信服务,Wireless telephone services,57.677,M06,
2014-07,CUUR0000SEED03,手机通信服务,Wireless telephone services,57.677,M07,
2014-08,CUUR0000SEED03,手机通信服务,Wireless telephone services,57.653,M08,
2014-09,CUUR0000SEED03,手机通信服务,Wireless telephone services,57.599,M09,
2014-10,CUUR0000SEED03,手机通信服务,Wireless telephone services,56.507,M10,
2014-11,CUUR0000SEED03,手机通信服务,Wireless telephone services,56.179,M11,
2014-12,CUUR0000SEED03,手机通信服务,Wireless telephone services,55.894,M12,
2015-01,CUUR0000SEED03,手机通信服务,Wireless telephone services,55.614,M01,
2015-02,CUUR0000SEED03,手机通信服务,Wireless telephone services,55.406,M02,
2015-03,CUUR0000SEED03,手机通信服务,Wireless telephone services,54.975,M03,
2015-04,CUUR0000SEED03,手机通信服务,Wireless telephone services,54.902,M04,
2015-05,CUUR0000SEED03,手机通信服务,Wireless telephone services,54.537,M05,
2015-06,CUUR0000SEED03,手机通信服务,Wireless telephone services,54.555,M06,
2015-07,CUUR0000SEED03,手机通信服务,Wireless telephone services,54.711,M07,
2015-08,CUUR0000SEED03,手机通信服务,Wireless telephone services,55.194,M08,
2015-09,CUUR0000SEED03,手机通信服务,Wireless telephone services,55.388,M09,
2015-10,CUUR0000SEED03,手机通信服务,Wireless telephone services,55.514,M10,
2015-11,CUUR0000SEED03,手机通信服务,Wireless telephone services,55.908,M11,
2015-12,CUUR0000SEED03,手机通信服务,Wireless telephone services,55.883,M12,
2016-01,CUUR0000SEED03,手机通信服务,Wireless telephone services,55.85,M01,
2016-02,CUUR0000SEED03,手机通信服务,Wireless telephone services,55.267,M02,
2016-03,CUUR0000SEED03,手机通信服务,Wireless telephone services,55.28,M03,
2016-04,CUUR0000SEED03,手机通信服务,Wireless telephone services,55.294,M04,
2016-05,CUUR0000SEED03,手机通信服务,Wireless telephone services,54.967,M05,
2016-06,CUUR0000SEED03,手机通信服务,Wireless telephone services,54.989,M06,
2016-07,CUUR0000SEED03,手机通信服务,Wireless telephone services,54.848,M07,
2016-08,CUUR0000SEED03,手机通信服务,Wireless telephone services,54.786,M08,
2016-09,CUUR0000SEED03,手机通信服务,Wireless telephone services,54.033,M09,
2016-10,CUUR0000SEED03,手机通信服务,Wireless telephone services,53.739,M10,
2016-11,CUUR0000SEED03,手机通信服务,Wireless telephone services,53.578,M11,
2016-12,CUUR0000SEED03,手机通信服务,Wireless telephone services,53.522,M12,
2017-01,CUUR0000SEED03,手机通信服务,Wireless telephone services,53.435,M01,
2017-02,CUUR0000SEED03,手机通信服务,Wireless telephone services,52.679,M02,
2017-03,CUUR0000SEED03,手机通信服务,Wireless telephone services,49.002,M03,
2017-04,CUUR0000SEED03,手机通信服务,Wireless telephone services,48.153,M04,
2017-05,CUUR0000SEED03,手机通信服务,Wireless telephone services,48.118,M05,
2017-06,CUUR0000SEED03,手机通信服务,Wireless telephone services,47.735,M06,
2017-07,CUUR0000SEED03,手机通信服务,Wireless telephone services,47.58,M07,
2017-08,CUUR0000SEED03,手机通信服务,Wireless telephone services,47.55,M08,
2017-09,CUUR0000SEED03,手机通信服务,Wireless telephone services,47.73,M09,
2017-10,CUUR0000SEED03,手机通信服务,Wireless telephone services,47.944,M10,
2017-11,CUUR0000SEED03,手机通信服务,Wireless telephone services,48.09,M11,
2017-12,CUUR0000SEED03,手机通信服务,Wireless telephone services,48.066,M12,
1998-01,CUUR0000SEEE02,电脑软件,Computer software and accessories,97.1,M01,
1998-02,CUUR0000SEEE02,电脑软件,Computer software and accessories,97.2,M02,
1998-03,CUUR0000SEEE02,电脑软件,Computer software and accessories,98.3,M03,
1998-04,CUUR0000SEEE02,电脑软件,Computer software and accessories,97.9,M04,
1998-05,CUUR0000SEEE02,电脑软件,Computer software and accessories,97.1,M05,
1998-06,CUUR0000SEEE02,电脑软件,Computer software and accessories,97.2,M06,
1998-07,CUUR0000SEEE02,电脑软件,Computer software and accessories,98.2,M07,
1998-08,CUUR0000SEEE02,电脑软件,Computer software and accessories,95.4,M08,
1998-09,CUUR0000SEEE02,电脑软件,Computer software and accessories,94.7,M09,
1998-10,CUUR0000SEEE02,电脑软件,Computer software and accessories,92.7,M10,
1998-11,CUUR0000SEEE02,电脑软件,Computer software and accessories,90.0,M11,
1998-12,CUUR0000SEEE02,电脑软件,Computer software and accessories,90.0,M12,
1999-01,CUUR0000SEEE02,电脑软件,Computer software and accessories,88.2,M01,
1999-02,CUUR0000SEEE02,电脑软件,Computer software and accessories,88.6,M02,
1999-03,CUUR0000SEEE02,电脑软件,Computer software and accessories,89.0,M03,
1999-04,CUUR0000SEEE02,电脑软件,Computer software and accessories,87.7,M04,
1999-05,CUUR0000SEEE02,电脑软件,Computer software and accessories,87.3,M05,
1999-06,CUUR0000SEEE02,电脑软件,Computer software and accessories,87.1,M06,
1999-07,CUUR0000SEEE02,电脑软件,Computer software and accessories,89.3,M07,
1999-08,CUUR0000SEEE02,电脑软件,Computer software and accessories,89.1,M08,
1999-09,CUUR0000SEEE02,电脑软件,Computer software and accessories,88.7,M09,
1999-10,CUUR0000SEEE02,电脑软件,Computer software and accessories,89.4,M10,
1999-11,CUUR0000SEEE02,电脑软件,Computer software and accessories,88.3,M11,
1999-12,CUUR0000SEEE02,电脑软件,Computer software and accessories,88.2,M12,
2000-01,CUUR0000SEEE02,电脑软件,Computer software and accessories,87.9,M01,
2000-02,CUUR0000SEEE02,电脑软件,Computer software and accessories,87.6,M02,
2000-03,CUUR0000SEEE02,电脑软件,Computer software and accessories,87.1,M03,
2000-04,CUUR0000SEEE02,电脑软件,Computer software and accessories,87.4,M04,
2000-05,CUUR0000SEEE02,电脑软件,Computer software and accessories,86.9,M05,
2000-06,CUUR0000SEEE02,电脑软件,Computer software and accessories,86.1,M06,
2000-07,CUUR0000SEEE02,电脑软件,Computer software and accessories,85.3,M07,
2000-08,CUUR0000SEEE02,电脑软件,Computer software and accessories,85.2,M08,
2000-09,CUUR0000SEEE02,电脑软件,Computer software and accessories,85.4,M09,
2000-10,CUUR0000SEEE02,电脑软件,Computer software and accessories,82.5,M10,
2000-11,CUUR0000SEEE02,电脑软件,Computer software and accessories,82.3,M11,
2000-12,CUUR0000SEEE02,电脑软件,Computer software and accessories,81.5,M12,
2001-01,CUUR0000SEEE02,电脑软件,Computer software and accessories,80.0,M01,
2001-02,CUUR0000SEEE02,电脑软件,Computer software and accessories,80.1,M02,
2001-03,CUUR0000SEEE02,电脑软件,Computer software and accessories,80.2,M03,
2001-04,CUUR0000SEEE02,电脑软件,Computer software and accessories,79.6,M04,
2001-05,CUUR0000SEEE02,电脑软件,Computer software and accessories,79.4,M05,
2001-06,CUUR0000SEEE02,电脑软件,Computer software and accessories,78.6,M06,
2001-07,CUUR0000SEEE02,电脑软件,Computer software and accessories,79.0,M07,
2001-08,CUUR0000SEEE02,电脑软件,Computer software and accessories,79.1,M08,
2001-09,CUUR0000SEEE02,电脑软件,Computer software and accessories,77.7,M09,
2001-10,CUUR0000SEEE02,电脑软件,Computer software and accessories,77.0,M10,
2001-11,CUUR0000SEEE02,电脑软件,Computer software and accessories,79.1,M11,
2001-12,CUUR0000SEEE02,电脑软件,Computer software and accessories,79.5,M12,
2002-01,CUUR0000SEEE02,电脑软件,Computer software and accessories,77.3,M01,
2002-02,CUUR0000SEEE02,电脑软件,Computer software and accessories,76.9,M02,
2002-03,CUUR0000SEEE02,电脑软件,Computer software and accessories,76.3,M03,
2002-04,CUUR0000SEEE02,电脑软件,Computer software and accessories,76.6,M04,
2002-05,CUUR0000SEEE02,电脑软件,Computer software and accessories,74.7,M05,
2002-06,CUUR0000SEEE02,电脑软件,Computer software and accessories,74.3,M06,
2002-07,CUUR0000SEEE02,电脑软件,Computer software and accessories,73.6,M07,
2002-08,CUUR0000SEEE02,电脑软件,Computer software and accessories,73.3,M08,
2002-09,CUUR0000SEEE02,电脑软件,Computer software and accessories,71.4,M09,
2002-10,CUUR0000SEEE02,电脑软件,Computer software and accessories,71.2,M10,
2002-11,CUUR0000SEEE02,电脑软件,Computer software and accessories,71.1,M11,
2002-12,CUUR0000SEEE02,电脑软件,Computer software and accessories,71.0,M12,
2003-01,CUUR0000SEEE02,电脑软件,Computer software and accessories,71.2,M01,
2003-02,CUUR0000SEEE02,电脑软件,Computer software and accessories,70.8,M02,
2003-03,CUUR0000SEEE02,电脑软件,Computer software and accessories,70.2,M03,
2003-04,CUUR0000SEEE02,电脑软件,Computer software and accessories,69.6,M04,
2003-05,CUUR0000SEEE02,电脑软件,Computer software and accessories,68.5,M05,
2003-06,CUUR0000SEEE02,电脑软件,Computer software and accessories,67.7,M06,
2003-07,CUUR0000SEEE02,电脑软件,Computer software and accessories,66.8,M07,
2003-08,CUUR0000SEEE02,电脑软件,Computer software and accessories,65.5,M08,
2003-09,CUUR0000SEEE02,电脑软件,Computer software and accessories,65.5,M09,
2003-10,CUUR0000SEEE02,电脑软件,Computer software and accessories,65.0,M10,
2003-11,CUUR0000SEEE02,电脑软件,Computer software and accessories,64.0,M11,
2003-12,CUUR0000SEEE02,电脑软件,Computer software and accessories,64.1,M12,
2004-01,CUUR0000SEEE02,电脑软件,Computer software and accessories,63.8,M01,
2004-02,CUUR0000SEEE02,电脑软件,Computer software and accessories,63.3,M02,
2004-03,CUUR0000SEEE02,电脑软件,Computer software and accessories,62.8,M03,
2004-04,CUUR0000SEEE02,电脑软件,Computer software and accessories,63.2,M04,
2004-05,CUUR0000SEEE02,电脑软件,Computer software and accessories,63.0,M05,
2004-06,CUUR0000SEEE02,电脑软件,Computer software and accessories,62.5,M06,
2004-07,CUUR0000SEEE02,电脑软件,Computer software and accessories,62.5,M07,
2004-08,CUUR0000SEEE02,电脑软件,Computer software and accessories,62.6,M08,
2004-09,CUUR0000SEEE02,电脑软件,Computer software and accessories,61.6,M09,
2004-10,CUUR0000SEEE02,电脑软件,Computer software and accessories,61.5,M10,
2004-11,CUUR0000SEEE02,电脑软件,Computer software and accessories,61.3,M11,
2004-12,CUUR0000SEEE02,电脑软件,Computer software and accessories,61.1,M12,
2005-01,CUUR0000SEEE02,电脑软件,Computer software and accessories,60.7,M01,
2005-02,CUUR0000SEEE02,电脑软件,Computer software and accessories,60.3,M02,
2005-03,CUUR0000SEEE02,电脑软件,Computer software and accessories,59.6,M03,
2005-04,CUUR0000SEEE02,电脑软件,Computer software and accessories,59.1,M04,
2005-05,CUUR0000SEEE02,电脑软件,Computer software and accessories,58.7,M05,
2005-06,CUUR0000SEEE02,电脑软件,Computer software and accessories,58.4,M06,
2005-07,CUUR0000SEEE02,电脑软件,Computer software and accessories,58.5,M07,
2005-08,CUUR0000SEEE02,电脑软件,Computer software and accessories,58.5,M08,
2005-09,CUUR0000SEEE02,电脑软件,Computer software and accessories,58.3,M09,
2005-10,CUUR0000SEEE02,电脑软件,Computer software and accessories,58.3,M10,
2005-11,CUUR0000SEEE02,电脑软件,Computer software and accessories,58.4,M11,
2005-12,CUUR0000SEEE02,电脑软件,Computer software and accessories,58.5,M12,
2006-01,CUUR0000SEEE02,电脑软件,Computer software and accessories,57.8,M01,
2006-02,CUUR0000SEEE02,电脑软件,Computer software and accessories,57.3,M02,
2006-03,CUUR0000SEEE02,电脑软件,Computer software and accessories,56.6,M03,
2006-04,CUUR0000SEEE02,电脑软件,Computer software and accessories,56.0,M04,
2006-05,CUUR0000SEEE02,电脑软件,Computer software and accessories,55.7,M05,
2006-06,CUUR0000SEEE02,电脑软件,Computer software and accessories,55.1,M06,
2006-07,CUUR0000SEEE02,电脑软件,Computer software and accessories,55.1,M07,
2006-08,CUUR0000SEEE02,电脑软件,Computer software and accessories,54.5,M08,
2006-09,CUUR0000SEEE02,电脑软件,Computer software and accessories,54.5,M09,
2006-10,CUUR0000SEEE02,电脑软件,Computer software and accessories,54.0,M10,
2006-11,CUUR0000SEEE02,电脑软件,Computer software and accessories,53.8,M11,
2006-12,CUUR0000SEEE02,电脑软件,Computer software and accessories,54.2,M12,
2007-01,CUUR0000SEEE02,电脑软件,Computer software and accessories,54.067,M01,
2007-02,CUUR0000SEEE02,电脑软件,Computer software and accessories,53.956,M02,
2007-03,CUUR0000SEEE02,电脑软件,Computer software and accessories,53.687,M03,
2007-04,CUUR0000SEEE02,电脑软件,Computer software and accessories,53.159,M04,
2007-05,CUUR0000SEEE02,电脑软件,Computer software and accessories,53.379,M05,
2007-06,CUUR0000SEEE02,电脑软件,Computer software and accessories,53.228,M06,
2007-07,CUUR0000SEEE02,电脑软件,Computer software and accessories,52.395,M07,
2007-08,CUUR0000SEEE02,电脑软件,Computer software and accessories,50.993,M08,
2007-09,CUUR0000SEEE02,电脑软件,Computer software and accessories,51.58,M09,
2007-10,CUUR0000SEEE02,电脑软件,Computer software and accessories,51.499,M10,
2007-11,CUUR0000SEEE02,电脑软件,Computer software and accessories,51.474,M11,
2007-12,CUUR0000SEEE02,电脑软件,Computer software and accessories,50.722,M12,
2008-01,CUUR0000SEEE02,电脑软件,Computer software and accessories,50.897,M01,
2008-02,CUUR0000SEEE02,电脑软件,Computer software and accessories,51.207,M02,
2008-03,CUUR0000SEEE02,电脑软件,Computer software and accessories,50.817,M03,
2008-04,CUUR0000SEEE02,电脑软件,Computer software and accessories,50.924,M04,
2008-05,CUUR0000SEEE02,电脑软件,Computer software and accessories,50.858,M05,
2008-06,CUUR0000SEEE02,电脑软件,Computer software and accessories,50.574,M06,
2008-07,CUUR0000SEEE02,电脑软件,Computer software and accessories,50.503,M07,
2008-08,CUUR0000SEEE02,电脑软件,Computer software and accessories,50.447,M08,
2008-09,CUUR0000SEEE02,电脑软件,Computer software and accessories,50.15,M09,
2008-10,CUUR0000SEEE02,电脑软件,Computer software and accessories,50.674,M10,
2008-11,CUUR0000SEEE02,电脑软件,Computer software and accessories,50.462,M11,
2008-12,CUUR0000SEEE02,电脑软件,Computer software and accessories,50.18,M12,
2009-01,CUUR0000SEEE02,电脑软件,Computer software and accessories,50.468,M01,
2009-02,CUUR0000SEEE02,电脑软件,Computer software and accessories,50.63,M02,
2009-03,CUUR0000SEEE02,电脑软件,Computer software and accessories,50.457,M03,
2009-04,CUUR0000SEEE02,电脑软件,Computer software and accessories,50.691,M04,
2009-05,CUUR0000SEEE02,电脑软件,Computer software and accessories,50.298,M05,
2009-06,CUUR0000SEEE02,电脑软件,Computer software and accessories,50.294,M06,
2009-07,CUUR0000SEEE02,电脑软件,Computer software and accessories,49.953,M07,
2009-08,CUUR0000SEEE02,电脑软件,Computer software and accessories,49.742,M08,
2009-09,CUUR0000SEEE02,电脑软件,Computer software and accessories,48.708,M09,
2009-10,CUUR0000SEEE02,电脑软件,Computer software and accessories,49.503,M10,
2009-11,CUUR0000SEEE02,电脑软件,Computer software and accessories,49.637,M11,
2009-12,CUUR0000SEEE02,电脑软件,Computer software and accessories,48.93,M12,
2010-01,CUUR0000SEEE02,电脑软件,Computer software and accessories,49.039,M01,
2010-02,CUUR0000SEEE02,电脑软件,Computer software and accessories,49.348,M02,
2010-03,CUUR0000SEEE02,电脑软件,Computer software and accessories,48.636,M03,
2010-04,CUUR0000SEEE02,电脑软件,Computer software and accessories,47.722,M04,
2010-05,CUUR0000SEEE02,电脑软件,Computer software and accessories,47.222,M05,
2010-06,CUUR0000SEEE02,电脑软件,Computer software and accessories,46.004,M06,
2010-07,CUUR0000SEEE02,电脑软件,Computer software and accessories,44.841,M07,
2010-08,CUUR0000SEEE02,电脑软件,Computer software and accessories,45.125,M08,
2010-09,CUUR0000SEEE02,电脑软件,Computer software and accessories,45.159,M09,
2010-10,CUUR0000SEEE02,电脑软件,Computer software and accessories,45.242,M10,
2010-11,CUUR0000SEEE02,电脑软件,Computer software and accessories,45.016,M11,
2010-12,CUUR0000SEEE02,电脑软件,Computer software and accessories,43.791,M12,
2011-01,CUUR0000SEEE02,电脑软件,Computer software and accessories,43.97,M01,
2011-02,CUUR0000SEEE02,电脑软件,Computer software and accessories,44.023,M02,
2011-03,CUUR0000SEEE02,电脑软件,Computer software and accessories,43.462,M03,
2011-04,CUUR0000SEEE02,电脑软件,Computer software and accessories,43.318,M04,
2011-05,CUUR0000SEEE02,电脑软件,Computer software and accessories,42.89,M05,
2011-06,CUUR0000SEEE02,电脑软件,Computer software and accessories,42.879,M06,
2011-07,CUUR0000SEEE02,电脑软件,Computer software and accessories,42.803,M07,
2011-08,CUUR0000SEEE02,电脑软件,Computer software and accessories,42.903,M08,
2011-09,CUUR0000SEEE02,电脑软件,Computer software and accessories,42.71,M09,
2011-10,CUUR0000SEEE02,电脑软件,Computer software and accessories,42.057,M10,
2011-11,CUUR0000SEEE02,电脑软件,Computer software and accessories,42.483,M11,
2011-12,CUUR0000SEEE02,电脑软件,Computer software and accessories,43.187,M12,
2012-01,CUUR0000SEEE02,电脑软件,Computer software and accessories,43.106,M01,
2012-02,CUUR0000SEEE02,电脑软件,Computer software and accessories,42.379,M02,
2012-03,CUUR0000SEEE02,电脑软件,Computer software and accessories,42.023,M03,
2012-04,CUUR0000SEEE02,电脑软件,Computer software and accessories,41.792,M04,
2012-05,CUUR0000SEEE02,电脑软件,Computer software and accessories,41.848,M05,
2012-06,CUUR0000SEEE02,电脑软件,Computer software and accessories,41.02,M06,
2012-07,CUUR0000SEEE02,电脑软件,Computer software and accessories,40.725,M07,
2012-08,CUUR0000SEEE02,电脑软件,Computer software and accessories,39.806,M08,
2012-09,CUUR0000SEEE02,电脑软件,Computer software and accessories,39.524,M09,
2012-10,CUUR0000SEEE02,电脑软件,Computer software and accessories,39.421,M10,
2012-11,CUUR0000SEEE02,电脑软件,Computer software and accessories,40.033,M11,
2012-12,CUUR0000SEEE02,电脑软件,Computer software and accessories,40.079,M12,
2013-01,CUUR0000SEEE02,电脑软件,Computer software and accessories,39.728,M01,
2013-02,CUUR0000SEEE02,电脑软件,Computer software and accessories,39.863,M02,
2013-03,CUUR0000SEEE02,电脑软件,Computer software and accessories,39.307,M03,
2013-04,CUUR0000SEEE02,电脑软件,Computer software and accessories,38.744,M04,
2013-05,CUUR0000SEEE02,电脑软件,Computer software and accessories,38.476,M05,
2013-06,CUUR0000SEEE02,电脑软件,Computer software and accessories,38.491,M06,
2013-07,CUUR0000SEEE02,电脑软件,Computer software and accessories,38.294,M07,
2013-08,CUUR0000SEEE02,电脑软件,Computer software and accessories,37.927,M08,
2013-09,CUUR0000SEEE02,电脑软件,Computer software and accessories,38.287,M09,
2013-10,CUUR0000SEEE02,电脑软件,Computer software and accessories,38.479,M10,
2013-11,CUUR0000SEEE02,电脑软件,Computer software and accessories,37.866,M11,
2013-12,CUUR0000SEEE02,电脑软件,Computer software and accessories,37.237,M12,
2014-01,CUUR0000SEEE02,电脑软件,Computer software and accessories,37.261,M01,
2014-02,CUUR0000SEEE02,电脑软件,Computer software and accessories,36.996,M02,
2014-03,CUUR0000SEEE02,电脑软件,Computer software and accessories,36.726,M03,
2014-04,CUUR0000SEEE02,电脑软件,Computer software and accessories,36.68,M04,
2014-05,CUUR0000SEEE02,电脑软件,Computer software and accessories,36.586,M05,
2014-06,CUUR0000SEEE02,电脑软件,Computer software and accessories,36.886,M06,
2014-07,CUUR0000SEEE02,电脑软件,Computer software and accessories,37.252,M07,
2014-08,CUUR0000SEEE02,电脑软件,Computer software and accessories,37.426,M08,
2014-09,CUUR0000SEEE02,电脑软件,Computer software and accessories,36.97,M09,
2014-10,CUUR0000SEEE02,电脑软件,Computer software and accessories,37.138,M10,
2014-11,CUUR0000SEEE02,电脑软件,Computer software and accessories,37.288,M11,
2014-12,CUUR0000SEEE02,电脑软件,Computer software and accessories,36.807,M12,
2015-01,CUUR0000SEEE02,电脑软件,Computer software and accessories,36.585,M01,
2015-02,CUUR0000SEEE02,电脑软件,Computer software and accessories,36.601,M02,
2015-03,CUUR0000SEEE02,电脑软件,Computer software and accessories,36.944,M03,
2015-04,CUUR0000SEEE02,电脑软件,Computer software and accessories,36.831,M04,
2015-05,CUUR0000SEEE02,电脑软件,Computer software and accessories,37.244,M05,
2015-06,CUUR0000SEEE02,电脑软件,Computer software and accessories,36.926,M06,
2015-07,CUUR0000SEEE02,电脑软件,Computer software and accessories,36.382,M07,
2015-08,CUUR0000SEEE02,电脑软件,Computer software and accessories,36.776,M08,
2015-09,CUUR0000SEEE02,电脑软件,Computer software and accessories,36.917,M09,
2015-10,CUUR0000SEEE02,电脑软件,Computer software and accessories,37.114,M10,
2015-11,CUUR0000SEEE02,电脑软件,Computer software and accessories,36.66,M11,
2015-12,CUUR0000SEEE02,电脑软件,Computer software and accessories,36.369,M12,
2016-01,CUUR0000SEEE02,电脑软件,Computer software and accessories,36.109,M01,
2016-02,CUUR0000SEEE02,电脑软件,Computer software and accessories,35.883,M02,
2016-03,CUUR0000SEEE02,电脑软件,Computer software and accessories,35.157,M03,
2016-04,CUUR0000SEEE02,电脑软件,Computer software and accessories,35.749,M04,
2016-05,CUUR0000SEEE02,电脑软件,Computer software and accessories,34.219,M05,
2016-06,CUUR0000SEEE02,电脑软件,Computer software and accessories,34.277,M06,
2016-07,CUUR0000SEEE02,电脑软件,Computer software and accessories,34.445,M07,
2016-08,CUUR0000SEEE02,电脑软件,Computer software and accessories,33.996,M08,
2016-09,CUUR0000SEEE02,电脑软件,Computer software and accessories,34.1,M09,
2016-10,CUUR0000SEEE02,电脑软件,Computer software and accessories,33.372,M10,
2016-11,CUUR0000SEEE02,电脑软件,Computer software and accessories,32.668,M11,
2016-12,CUUR0000SEEE02,电脑软件,Computer software and accessories,32.375,M12,
2017-01,CUUR0000SEEE02,电脑软件,Computer software and accessories,33.31,M01,
2017-02,CUUR0000SEEE02,电脑软件,Computer software and accessories,32.928,M02,
2017-03,CUUR0000SEEE02,电脑软件,Computer software and accessories,32.547,M03,
2017-04,CUUR0000SEEE02,电脑软件,Computer software and accessories,32.243,M04,
2017-05,CUUR0000SEEE02,电脑软件,Computer software and accessories,33.051,M05,
2017-06,CUUR0000SEEE02,电脑软件,Computer software and accessories,33.269,M06,
2017-07,CUUR0000SEEE02,电脑软件,Computer software and accessories,33.805,M07,
2017-08,CUUR0000SEEE02,电脑软件,Computer software and accessories,33.425,M08,
2017-09,CUUR0000SEEE02,电脑软件,Computer software and accessories,32.785,M09,
2017-10,CUUR0000SEEE02,电脑软件,Computer software and accessories,33.395,M10,
2017-11,CUUR0000SEEE02,电脑软件,Computer software and accessories,32.939,M11,
2017-12,CUUR0000SEEE02,电脑软件,Computer software and accessories,32.53,M12,
1998-01,CUUR0000SERE01,玩具,Toys,123.1,M01,
1998-02,CUUR0000SERE01,玩具,Toys,122.6,M02,
1998-03,CUUR0000SERE01,玩具,Toys,122.1,M03,
1998-04,CUUR0000SERE01,玩具,Toys,121.4,M04,
1998-05,CUUR0000SERE01,玩具,Toys,120.1,M05,
1998-06,CUUR0000SERE01,玩具,Toys,119.9,M06,
1998-07,CUUR0000SERE01,玩具,Toys,119.8,M07,
1998-08,CUUR0000SERE01,玩具,Toys,119.3,M08,
1998-09,CUUR0000SERE01,玩具,Toys,118.2,M09,
1998-10,CUUR0000SERE01,玩具,Toys,117.7,M10,
1998-11,CUUR0000SERE01,玩具,Toys,117.2,M11,
1998-12,CUUR0000SERE01,玩具,Toys,116.8,M12,
1999-01,CUUR0000SERE01,玩具,Toys,116.8,M01,
1999-02,CUUR0000SERE01,玩具,Toys,115.9,M02,
1999-03,CUUR0000SERE01,玩具,Toys,115.2,M03,
1999-04,CUUR0000SERE01,玩具,Toys,114.9,M04,
1999-05,CUUR0000SERE01,玩具,Toys,114.5,M05,
1999-06,CUUR0000SERE01,玩具,Toys,114.8,M06,
1999-07,CUUR0000SERE01,玩具,Toys,113.8,M07,
1999-08,CUUR0000SERE01,玩具,Toys,112.6,M08,
1999-09,CUUR0000SERE01,玩具,Toys,109.8,M09,
1999-10,CUUR0000SERE01,玩具,Toys,109.6,M10,
1999-11,CUUR0000SERE01,玩具,Toys,107.8,M11,
1999-12,CUUR0000SERE01,玩具,Toys,107.4,M12,
2000-01,CUUR0000SERE01,玩具,Toys,107.2,M01,
2000-02,CUUR0000SERE01,玩具,Toys,107.1,M02,
2000-03,CUUR0000SERE01,玩具,Toys,106.9,M03,
2000-04,CUUR0000SERE01,玩具,Toys,106.4,M04,
2000-05,CUUR0000SERE01,玩具,Toys,106.4,M05,
2000-06,CUUR0000SERE01,玩具,Toys,105.7,M06,
2000-07,CUUR0000SERE01,玩具,Toys,105.3,M07,
2000-08,CUUR0000SERE01,玩具,Toys,105.1,M08,
2000-09,CUUR0000SERE01,玩具,Toys,104.2,M09,
2000-10,CUUR0000SERE01,玩具,Toys,104.6,M10,
2000-11,CUUR0000SERE01,玩具,Toys,103.6,M11,
2000-12,CUUR0000SERE01,玩具,Toys,103.4,M12,
2001-01,CUUR0000SERE01,玩具,Toys,102.5,M01,
2001-02,CUUR0000SERE01,玩具,Toys,101.2,M02,
2001-03,CUUR0000SERE01,玩具,Toys,99.8,M03,
2001-04,CUUR0000SERE01,玩具,Toys,100.9,M04,
2001-05,CUUR0000SERE01,玩具,Toys,101.0,M05,
2001-06,CUUR0000SERE01,玩具,Toys,100.7,M06,
2001-07,CUUR0000SERE01,玩具,Toys,100.1,M07,
2001-08,CUUR0000SERE01,玩具,Toys,99.7,M08,
2001-09,CUUR0000SERE01,玩具,Toys,99.9,M09,
2001-10,CUUR0000SERE01,玩具,Toys,100.1,M10,
2001-11,CUUR0000SERE01,玩具,Toys,99.3,M11,
2001-12,CUUR0000SERE01,玩具,Toys,98.0,M12,
2002-01,CUUR0000SERE01,玩具,Toys,99.2,M01,
2002-02,CUUR0000SERE01,玩具,Toys,98.9,M02,
2002-03,CUUR0000SERE01,玩具,Toys,98.5,M03,
2002-04,CUUR0000SERE01,玩具,Toys,98.0,M04,
2002-05,CUUR0000SERE01,玩具,Toys,95.7,M05,
2002-06,CUUR0000SERE01,玩具,Toys,94.2,M06,
2002-07,CUUR0000SERE01,玩具,Toys,92.6,M07,
2002-08,CUUR0000SERE01,玩具,Toys,91.8,M08,
2002-09,CUUR0000SERE01,玩具,Toys,90.9,M09,
2002-10,CUUR0000SERE01,玩具,Toys,89.7,M10,
2002-11,CUUR0000SERE01,玩具,Toys,88.9,M11,
2002-12,CUUR0000SERE01,玩具,Toys,88.9,M12,
2003-01,CUUR0000SERE01,玩具,Toys,88.4,M01,
2003-02,CUUR0000SERE01,玩具,Toys,88.3,M02,
2003-03,CUUR0000SERE01,玩具,Toys,88.9,M03,
2003-04,CUUR0000SERE01,玩具,Toys,88.4,M04,
2003-05,CUUR0000SERE01,玩具,Toys,88.4,M05,
2003-06,CUUR0000SERE01,玩具,Toys,88.2,M06,
2003-07,CUUR0000SERE01,玩具,Toys,87.6,M07,
2003-08,CUUR0000SERE01,玩具,Toys,87.4,M08,
2003-09,CUUR0000SERE01,玩具,Toys,86.9,M09,
2003-10,CUUR0000SERE01,玩具,Toys,85.8,M10,
2003-11,CUUR0000SERE01,玩具,Toys,85.9,M11,
2003-12,CUUR0000SERE01,玩具,Toys,85.2,M12,
2004-01,CUUR0000SERE01,玩具,Toys,84.1,M01,
2004-02,CUUR0000SERE01,玩具,Toys,85.6,M02,
2004-03,CUUR0000SERE01,玩具,Toys,85.6,M03,
2004-04,CUUR0000SERE01,玩具,Toys,84.9,M04,
2004-05,CUUR0000SERE01,玩具,Toys,84.2,M05,
2004-06,CUUR0000SERE01,玩具,Toys,84.0,M06,
2004-07,CUUR0000SERE01,玩具,Toys,83.2,M07,
2004-08,CUUR0000SERE01,玩具,Toys,82.3,M08,
2004-09,CUUR0000SERE01,玩具,Toys,81.8,M09,
2004-10,CUUR0000SERE01,玩具,Toys,81.7,M10,
2004-11,CUUR0000SERE01,玩具,Toys,81.7,M11,
2004-12,CUUR0000SERE01,玩具,Toys,80.0,M12,
2005-01,CUUR0000SERE01,玩具,Toys,79.7,M01,
2005-02,CUUR0000SERE01,玩具,Toys,79.6,M02,
2005-03,CUUR0000SERE01,玩具,Toys,78.3,M03,
2005-04,CUUR0000SERE01,玩具,Toys,77.4,M04,
2005-05,CUUR0000SERE01,玩具,Toys,78.1,M05,
2005-06,CUUR0000SERE01,玩具,Toys,77.6,M06,
2005-07,CUUR0000SERE01,玩具,Toys,77.1,M07,
2005-08,CUUR0000SERE01,玩具,Toys,76.6,M08,
2005-09,CUUR0000SERE01,玩具,Toys,76.4,M09,
2005-10,CUUR0000SERE01,玩具,Toys,77.1,M10,
2005-11,CUUR0000SERE01,玩具,Toys,76.7,M11,
2005-12,CUUR0000SERE01,玩具,Toys,76.4,M12,
2006-01,CUUR0000SERE01,玩具,Toys,76.0,M01,
2006-02,CUUR0000SERE01,玩具,Toys,75.5,M02,
2006-03,CUUR0000SERE01,玩具,Toys,75.4,M03,
2006-04,CUUR0000SERE01,玩具,Toys,74.0,M04,
2006-05,CUUR0000SERE01,玩具,Toys,73.7,M05,
2006-06,CUUR0000SERE01,玩具,Toys,73.9,M06,
2006-07,CUUR0000SERE01,玩具,Toys,73.5,M07,
2006-08,CUUR0000SERE01,玩具,Toys,73.0,M08,
2006-09,CUUR0000SERE01,玩具,Toys,73.7,M09,
2006-10,CUUR0000SERE01,玩具,Toys,73.7,M10,
2006-11,CUUR0000SERE01,玩具,Toys,73.6,M11,
2006-12,CUUR0000SERE01,玩具,Toys,72.7,M12,
2007-01,CUUR0000SERE01,玩具,Toys,72.392,M01,
2007-02,CUUR0000SERE01,玩具,Toys,72.345,M02,
2007-03,CUUR0000SERE01,玩具,Toys,72.24,M03,
2007-04,CUUR0000SERE01,玩具,Toys,71.771,M04,
2007-05,CUUR0000SERE01,玩具,Toys,71.31,M05,
2007-06,CUUR0000SERE01,玩具,Toys,70.764,M06,
2007-07,CUUR0000SERE01,玩具,Toys,69.801,M07,
2007-08,CUUR0000SERE01,玩具,Toys,70.032,M08,
2007-09,CUUR0000SERE01,玩具,Toys,69.162,M09,
2007-10,CUUR0000SERE01,玩具,Toys,69.522,M10,
2007-11,CUUR0000SERE01,玩具,Toys,69.082,M11,
2007-12,CUUR0000SERE01,玩具,Toys,68.585,M12,
2008-01,CUUR0000SERE01,玩具,Toys,68.319,M01,
2008-02,CUUR0000SERE01,玩具,Toys,68.649,M02,
2008-03,CUUR0000SERE01,玩具,Toys,68.476,M03,
2008-04,CUUR0000SERE01,玩具,Toys,67.968,M04,
2008-05,CUUR0000SERE01,玩具,Toys,67.617,M05,
2008-06,CUUR0000SERE01,玩具,Toys,67.012,M06,
2008-07,CUUR0000SERE01,玩具,Toys,66.131,M07,
2008-08,CUUR0000SERE01,玩具,Toys,66.369,M08,
2008-09,CUUR0000SERE01,玩具,Toys,66.536,M09,
2008-10,CUUR0000SERE01,玩具,Toys,66.212,M10,
2008-11,CUUR0000SERE01,玩具,Toys,65.155,M11,
2008-12,CUUR0000SERE01,玩具,Toys,63.944,M12,
2009-01,CUUR0000SERE01,玩具,Toys,64.228,M01,
2009-02,CUUR0000SERE01,玩具,Toys,64.694,M02,
2009-03,CUUR0000SERE01,玩具,Toys,64.817,M03,
2009-04,CUUR0000SERE01,玩具,Toys,64.812,M04,
2009-05,CUUR0000SERE01,玩具,Toys,64.53,M05,
2009-06,CUUR0000SERE01,玩具,Toys,64.151,M06,
2009-07,CUUR0000SERE01,玩具,Toys,63.743,M07,
2009-08,CUUR0000SERE01,玩具,Toys,62.808,M08,
2009-09,CUUR0000SERE01,玩具,Toys,62.772,M09,
2009-10,CUUR0000SERE01,玩具,Toys,61.934,M10,
2009-11,CUUR0000SERE01,玩具,Toys,60.58,M11,
2009-12,CUUR0000SERE01,玩具,Toys,59.985,M12,
2010-01,CUUR0000SERE01,玩具,Toys,60.52,M01,
2010-02,CUUR0000SERE01,玩具,Toys,60.599,M02,
2010-03,CUUR0000SERE01,玩具,Toys,60.559,M03,
2010-04,CUUR0000SERE01,玩具,Toys,60.505,M04,
2010-05,CUUR0000SERE01,玩具,Toys,59.992,M05,
2010-06,CUUR0000SERE01,玩具,Toys,59.435,M06,
2010-07,CUUR0000SERE01,玩具,Toys,58.665,M07,
2010-08,CUUR0000SERE01,玩具,Toys,58.431,M08,
2010-09,CUUR0000SERE01,玩具,Toys,58.528,M09,
2010-10,CUUR0000SERE01,玩具,Toys,58.236,M10,
2010-11,CUUR0000SERE01,玩具,Toys,57.272,M11,
2010-12,CUUR0000SERE01,玩具,Toys,57.098,M12,
2011-01,CUUR0000SERE01,玩具,Toys,57.704,M01,
2011-02,CUUR0000SERE01,玩具,Toys,57.634,M02,
2011-03,CUUR0000SERE01,玩具,Toys,56.979,M03,
2011-04,CUUR0000SERE01,玩具,Toys,57.203,M04,
2011-05,CUUR0000SERE01,玩具,Toys,57.62,M05,
2011-06,CUUR0000SERE01,玩具,Toys,57.563,M06,
2011-07,CUUR0000SERE01,玩具,Toys,56.993,M07,
2011-08,CUUR0000SERE01,玩具,Toys,56.76,M08,
2011-09,CUUR0000SERE01,玩具,Toys,56.1,M09,
2011-10,CUUR0000SERE01,玩具,Toys,55.334,M10,
2011-11,CUUR0000SERE01,玩具,Toys,54.471,M11,
2011-12,CUUR0000SERE01,玩具,Toys,54.433,M12,
2012-01,CUUR0000SERE01,玩具,Toys,55.048,M01,
2012-02,CUUR0000SERE01,玩具,Toys,55.634,M02,
2012-03,CUUR0000SERE01,玩具,Toys,55.107,M03,
2012-04,CUUR0000SERE01,玩具,Toys,54.285,M04,
2012-05,CUUR0000SERE01,玩具,Toys,54.48,M05,
2012-06,CUUR0000SERE01,玩具,Toys,54.427,M06,
2012-07,CUUR0000SERE01,玩具,Toys,53.926,M07,
2012-08,CUUR0000SERE01,玩具,Toys,53.26,M08,
2012-09,CUUR0000SERE01,玩具,Toys,52.565,M09,
2012-10,CUUR0000SERE01,玩具,Toys,52.441,M10,
2012-11,CUUR0000SERE01,玩具,Toys,52.088,M11,
2012-12,CUUR0000SERE01,玩具,Toys,51.207,M12,
2013-01,CUUR0000SERE01,玩具,Toys,52.056,M01,
2013-02,CUUR0000SERE01,玩具,Toys,52.07,M02,
2013-03,CUUR0000SERE01,玩具,Toys,51.865,M03,
2013-04,CUUR0000SERE01,玩具,Toys,52.044,M04,
2013-05,CUUR0000SERE01,玩具,Toys,51.848,M05,
2013-06,CUUR0000SERE01,玩具,Toys,51.382,M06,
2013-07,CUUR0000SERE01,玩具,Toys,51.211,M07,
2013-08,CUUR0000SERE01,玩具,Toys,50.823,M08,
2013-09,CUUR0000SERE01,玩具,Toys,49.776,M09,
2013-10,CUUR0000SERE01,玩具,Toys,49.346,M10,
2013-11,CUUR0000SERE01,玩具,Toys,48.93,M11,
2013-12,CUUR0000SERE01,玩具,Toys,48.515,M12,
2014-01,CUUR0000SERE01,玩具,Toys,48.78,M01,
2014-02,CUUR0000SERE01,玩具,Toys,49.401,M02,
2014-03,CUUR0000SERE01,玩具,Toys,49.075,M03,
2014-04,CUUR0000SERE01,玩具,Toys,48.148,M04,
2014-05,CUUR0000SERE01,玩具,Toys,47.915,M05,
2014-06,CUUR0000SERE01,玩具,Toys,48.017,M06,
2014-07,CUUR0000SERE01,玩具,Toys,47.912,M07,
2014-08,CUUR0000SERE01,玩具,Toys,47.389,M08,
2014-09,CUUR0000SERE01,玩具,Toys,46.795,M09,
2014-10,CUUR0000SERE01,玩具,Toys,46.515,M10,
2014-11,CUUR0000SERE01,玩具,Toys,45.779,M11,
2014-12,CUUR0000SERE01,玩具,Toys,45.908,M12,
2015-01,CUUR0000SERE01,玩具,Toys,46.206,M01,
2015-02,CUUR0000SERE01,玩具,Toys,45.776,M02,
2015-03,CUUR0000SERE01,玩具,Toys,45.69,M03,
2015-04,CUUR0000SERE01,玩具,Toys,45.686,M04,
2015-05,CUUR0000SERE01,玩具,Toys,45.355,M05,
2015-06,CUUR0000SERE01,玩具,Toys,45.029,M06,
2015-07,CUUR0000SERE01,玩具,Toys,44.777,M07,
2015-08,CUUR0000SERE01,玩具,Toys,44.15,M08,
2015-09,CUUR0000SERE01,玩具,Toys,43.972,M09,
2015-10,CUUR0000SERE01,玩具,Toys,43.712,M10,
2015-11,CUUR0000SERE01,玩具,Toys,43.188,M11,
2015-12,CUUR0000SERE01,玩具,Toys,42.338,M12,
2016-01,CUUR0000SERE01,玩具,Toys,42.906,M01,
2016-02,CUUR0000SERE01,玩具,Toys,42.564,M02,
2016-03,CUUR0000SERE01,玩具,Toys,42.199,M03,
2016-04,CUUR0000SERE01,玩具,Toys,42.046,M04,
2016-05,CUUR0000SERE01,玩具,Toys,41.776,M05,
2016-06,CUUR0000SERE01,玩具,Toys,41.283,M06,
2016-07,CUUR0000SERE01,玩具,Toys,40.676,M07,
2016-08,CUUR0000SERE01,玩具,Toys,40.648,M08,
2016-09,CUUR0000SERE01,玩具,Toys,40.087,M09,
2016-10,CUUR0000SERE01,玩具,Toys,39.508,M10,
2016-11,CUUR0000SERE01,玩具,Toys,39.207,M11,
2016-12,CUUR0000SERE01,玩具,Toys,38.674,M12,
2017-01,CUUR0000SERE01,玩具,Toys,39.175,M01,
2017-02,CUUR0000SERE01,玩具,Toys,39.24,M02,
2017-03,CUUR0000SERE01,玩具,Toys,38.717,M03,
2017-04,CUUR0000SERE01,玩具,Toys,38.316,M04,
2017-05,CUUR0000SERE01,玩具,Toys,37.989,M05,
2017-06,CUUR0000SERE01,玩具,Toys,37.564,M06,
2017-07,CUUR0000SERE01,玩具,Toys,36.689,M07,
2017-08,CUUR0000SERE01,玩具,Toys,36.401,M08,
2017-09,CUUR0000SERE01,玩具,Toys,36.345,M09,
2017-10,CUUR0000SERE01,玩具,Toys,36.344,M10,
2017-11,CUUR0000SERE01,玩具,Toys,35.694,M11,
2017-12,CUUR0000SERE01,玩具,Toys,35.158,M12,
1998-01,CUUR0000SERA01,电视机,Televisions,5847.3,M01,
1998-02,CUUR0000SERA01,电视机,Televisions,5872.7,M02,
1998-03,CUUR0000SERA01,电视机,Televisions,5895.3,M03,
1998-04,CUUR0000SERA01,电视机,Televisions,5878.7,M04,
1998-05,CUUR0000SERA01,电视机,Televisions,5832.0,M05,
1998-06,CUUR0000SERA01,电视机,Televisions,5795.4,M06,
1998-07,CUUR0000SERA01,电视机,Televisions,5767.3,M07,
1998-08,CUUR0000SERA01,电视机,Televisions,5745.9,M08,
1998-09,CUUR0000SERA01,电视机,Televisions,5692.4,M09,
1998-10,CUUR0000SERA01,电视机,Televisions,5642.7,M10,
1998-11,CUUR0000SERA01,电视机,Televisions,5625.0,M11,
1998-12,CUUR0000SERA01,电视机,Televisions,5575.4,M12,
1999-01,CUUR0000SERA01,电视机,Televisions,5550.1,M01,
1999-02,CUUR0000SERA01,电视机,Televisions,5521.3,M02,
1999-03,CUUR0000SERA01,电视机,Televisions,5499.6,M03,
1999-04,CUUR0000SERA01,电视机,Televisions,5445.6,M04,
1999-05,CUUR0000SERA01,电视机,Televisions,5354.7,M05,
1999-06,CUUR0000SERA01,电视机,Televisions,5333.9,M06,
1999-07,CUUR0000SERA01,电视机,Televisions,5305.9,M07,
1999-08,CUUR0000SERA01,电视机,Televisions,5300.2,M08,
1999-09,CUUR0000SERA01,电视机,Televisions,5257.3,M09,
1999-10,CUUR0000SERA01,电视机,Televisions,5228.7,M10,
1999-11,CUUR0000SERA01,电视机,Televisions,5190.9,M11,
1999-12,CUUR0000SERA01,电视机,Televisions,5171.4,M12,
2000-01,CUUR0000SERA01,电视机,Televisions,5115.9,M01,
2000-02,CUUR0000SERA01,电视机,Televisions,5078.9,M02,
2000-03,CUUR0000SERA01,电视机,Televisions,5062.3,M03,
2000-04,CUUR0000SERA01,电视机,Televisions,5001.3,M04,
2000-05,CUUR0000SERA01,电视机,Televisions,4955.1,M05,
2000-06,CUUR0000SERA01,电视机,Televisions,4910.8,M06,
2000-07,CUUR0000SERA01,电视机,Televisions,4800.3,M07,
2000-08,CUUR0000SERA01,电视机,Televisions,4750.4,M08,
2000-09,CUUR0000SERA01,电视机,Televisions,4698.5,M09,
2000-10,CUUR0000SERA01,电视机,Televisions,4665.5,M10,
2000-11,CUUR0000SERA01,电视机,Televisions,4654.2,M11,
2000-12,CUUR0000SERA01,电视机,Televisions,4613.9,M12,
2001-01,CUUR0000SERA01,电视机,Televisions,4633.2,M01,
2001-02,CUUR0000SERA01,电视机,Televisions,4609.0,M02,
2001-03,CUUR0000SERA01,电视机,Televisions,4553.0,M03,
2001-04,CUUR0000SERA01,电视机,Televisions,4507.7,M04,
2001-05,CUUR0000SERA01,电视机,Televisions,4433.7,M05,
2001-06,CUUR0000SERA01,电视机,Televisions,4336.3,M06,
2001-07,CUUR0000SERA01,电视机,Televisions,4317.1,M07,
2001-08,CUUR0000SERA01,电视机,Televisions,4265.7,M08,
2001-09,CUUR0000SERA01,电视机,Televisions,4215.4,M09,
2001-10,CUUR0000SERA01,电视机,Televisions,4164.5,M10,
2001-11,CUUR0000SERA01,电视机,Televisions,4144.8,M11,
2001-12,CUUR0000SERA01,电视机,Televisions,4116.1,M12,
2002-01,CUUR0000SERA01,电视机,Televisions,4131.4,M01,
2002-02,CUUR0000SERA01,电视机,Televisions,4122.5,M02,
2002-03,CUUR0000SERA01,电视机,Televisions,4087.8,M03,
2002-04,CUUR0000SERA01,电视机,Televisions,4038.5,M04,
2002-05,CUUR0000SERA01,电视机,Televisions,4004.2,M05,
2002-06,CUUR0000SERA01,电视机,Televisions,3950.7,M06,
2002-07,CUUR0000SERA01,电视机,Televisions,3862.3,M07,
2002-08,CUUR0000SERA01,电视机,Televisions,3796.3,M08,
2002-09,CUUR0000SERA01,电视机,Televisions,3744.9,M09,
2002-10,CUUR0000SERA01,电视机,Televisions,3731.9,M10,
2002-11,CUUR0000SERA01,电视机,Televisions,3704.3,M11,
2002-12,CUUR0000SERA01,电视机,Televisions,3676.4,M12,
2003-01,CUUR0000SERA01,电视机,Televisions,3641.0,M01,
2003-02,CUUR0000SERA01,电视机,Televisions,3633.0,M02,
2003-03,CUUR0000SERA01,电视机,Televisions,3590.5,M03,
2003-04,CUUR0000SERA01,电视机,Televisions,3546.0,M04,
2003-05,CUUR0000SERA01,电视机,Televisions,3462.2,M05,
2003-06,CUUR0000SERA01,电视机,Televisions,3404.8,M06,
2003-07,CUUR0000SERA01,电视机,Televisions,3359.0,M07,
2003-08,CUUR0000SERA01,电视机,Televisions,3281.4,M08,
2003-09,CUUR0000SERA01,电视机,Televisions,3244.6,M09,
2003-10,CUUR0000SERA01,电视机,Televisions,3208.1,M10,
2003-11,CUUR0000SERA01,电视机,Televisions,3195.9,M11,
2003-12,CUUR0000SERA01,电视机,Televisions,3155.3,M12,
2004-01,CUUR0000SERA01,电视机,Televisions,3114.6,M01,
2004-02,CUUR0000SERA01,电视机,Televisions,3085.5,M02,
2004-03,CUUR0000SERA01,电视机,Televisions,3059.9,M03,
2004-04,CUUR0000SERA01,电视机,Televisions,3014.9,M04,
2004-05,CUUR0000SERA01,电视机,Televisions,2953.2,M05,
2004-06,CUUR0000SERA01,电视机,Televisions,2899.5,M06,
2004-07,CUUR0000SERA01,电视机,Televisions,2864.8,M07,
2004-08,CUUR0000SERA01,电视机,Televisions,2851.2,M08,
2004-09,CUUR0000SERA01,电视机,Televisions,2838.6,M09,
2004-10,CUUR0000SERA01,电视机,Televisions,2828.9,M10,
2004-11,CUUR0000SERA01,电视机,Televisions,2785.5,M11,
2004-12,CUUR0000SERA01,电视机,Televisions,2765.4,M12,
2005-01,CUUR0000SERA01,电视机,Televisions,2750.0,M01,
2005-02,CUUR0000SERA01,电视机,Televisions,2728.3,M02,
2005-03,CUUR0000SERA01,电视机,Televisions,2709.5,M03,
2005-04,CUUR0000SERA01,电视机,Televisions,2684.6,M04,
2005-05,CUUR0000SERA01,电视机,Televisions,2683.7,M05,
2005-06,CUUR0000SERA01,电视机,Televisions,2625.4,M06,
2005-07,CUUR0000SERA01,电视机,Televisions,2592.7,M07,
2005-08,CUUR0000SERA01,电视机,Televisions,2526.1,M08,
2005-09,CUUR0000SERA01,电视机,Televisions,2505.7,M09,
2005-10,CUUR0000SERA01,电视机,Televisions,2466.3,M10,
2005-11,CUUR0000SERA01,电视机,Televisions,2385.8,M11,
2005-12,CUUR0000SERA01,电视机,Televisions,2365.6,M12,
2006-01,CUUR0000SERA01,电视机,Televisions,2373.2,M01,
2006-02,CUUR0000SERA01,电视机,Televisions,2359.9,M02,
2006-03,CUUR0000SERA01,电视机,Televisions,2371.6,M03,
2006-04,CUUR0000SERA01,电视机,Televisions,2358.0,M04,
2006-05,CUUR0000SERA01,电视机,Televisions,2304.2,M05,
2006-06,CUUR0000SERA01,电视机,Televisions,2217.2,M06,
2006-07,CUUR0000SERA01,电视机,Televisions,2177.3,M07,
2006-08,CUUR0000SERA01,电视机,Televisions,2122.6,M08,
2006-09,CUUR0000SERA01,电视机,Televisions,2067.1,M09,
2006-10,CUUR0000SERA01,电视机,Televisions,2001.7,M10,
2006-11,CUUR0000SERA01,电视机,Televisions,1886.9,M11,
2006-12,CUUR0000SERA01,电视机,Televisions,1831.2,M12,
2007-01,CUUR0000SERA01,电视机,Televisions,1796.247,M01,
2007-02,CUUR0000SERA01,电视机,Televisions,1795.753,M02,
2007-03,CUUR0000SERA01,电视机,Televisions,1760.976,M03,
2007-04,CUUR0000SERA01,电视机,Televisions,1744.017,M04,
2007-05,CUUR0000SERA01,电视机,Televisions,1687.391,M05,
2007-06,CUUR0000SERA01,电视机,Televisions,1669.351,M06,
2007-07,CUUR0000SERA01,电视机,Televisions,1624.179,M07,
2007-08,CUUR0000SERA01,电视机,Televisions,1571.127,M08,
2007-09,CUUR0000SERA01,电视机,Televisions,1550.704,M09,
2007-10,CUUR0000SERA01,电视机,Televisions,1561.182,M10,
2007-11,CUUR0000SERA01,电视机,Televisions,1528.934,M11,
2007-12,CUUR0000SERA01,电视机,Televisions,1494.278,M12,
2008-01,CUUR0000SERA01,电视机,Televisions,1479.044,M01,
2008-02,CUUR0000SERA01,电视机,Televisions,1459.168,M02,
2008-03,CUUR0000SERA01,电视机,Televisions,1439.385,M03,
2008-04,CUUR0000SERA01,电视机,Televisions,1444.659,M04,
2008-05,CUUR0000SERA01,电视机,Televisions,1404.545,M05,
2008-06,CUUR0000SERA01,电视机,Televisions,1378.197,M06,
2008-07,CUUR0000SERA01,电视机,Televisions,1358.614,M07,
2008-08,CUUR0000SERA01,电视机,Televisions,1339.864,M08,
2008-09,CUUR0000SERA01,电视机,Televisions,1308.016,M09,
2008-10,CUUR0000SERA01,电视机,Televisions,1275.827,M10,
2008-11,CUUR0000SERA01,电视机,Televisions,1241.993,M11,
2008-12,CUUR0000SERA01,电视机,Televisions,1204.809,M12,
2009-01,CUUR0000SERA01,电视机,Televisions,1171.741,M01,
2009-02,CUUR0000SERA01,电视机,Televisions,1152.33,M02,
2009-03,CUUR0000SERA01,电视机,Televisions,1139.077,M03,
2009-04,CUUR0000SERA01,电视机,Televisions,1136.913,M04,
2009-05,CUUR0000SERA01,电视机,Televisions,1090.637,M05,
2009-06,CUUR0000SERA01,电视机,Televisions,1054.542,M06,
2009-07,CUUR0000SERA01,电视机,Televisions,1021.701,M07,
2009-08,CUUR0000SERA01,电视机,Televisions,997.213,M08,
2009-09,CUUR0000SERA01,电视机,Televisions,950.777,M09,
2009-10,CUUR0000SERA01,电视机,Televisions,902.237,M10,
2009-11,CUUR0000SERA01,电视机,Televisions,895.176,M11,
2009-12,CUUR0000SERA01,电视机,Televisions,874.321,M12,
2010-01,CUUR0000SERA01,电视机,Televisions,848.127,M01,
2010-02,CUUR0000SERA01,电视机,Televisions,816.758,M02,
2010-03,CUUR0000SERA01,电视机,Televisions,817.239,M03,
2010-04,CUUR0000SERA01,电视机,Televisions,820.482,M04,
2010-05,CUUR0000SERA01,电视机,Televisions,798.642,M05,
2010-06,CUUR0000SERA01,电视机,Televisions,791.251,M06,
2010-07,CUUR0000SERA01,电视机,Televisions,774.605,M07,
2010-08,CUUR0000SERA01,电视机,Televisions,753.47,M08,
2010-09,CUUR0000SERA01,电视机,Televisions,743.61,M09,
2010-10,CUUR0000SERA01,电视机,Televisions,732.558,M10,
2010-11,CUUR0000SERA01,电视机,Televisions,722.104,M11,
2010-12,CUUR0000SERA01,电视机,Televisions,707.673,M12,
2011-01,CUUR0000SERA01,电视机,Televisions,697.068,M01,
2011-02,CUUR0000SERA01,电视机,Televisions,693.219,M02,
2011-03,CUUR0000SERA01,电视机,Televisions,692.663,M03,
2011-04,CUUR0000SERA01,电视机,Televisions,687.13,M04,
2011-05,CUUR0000SERA01,电视机,Televisions,663.068,M05,
2011-06,CUUR0000SERA01,电视机,Televisions,658.797,M06,
2011-07,CUUR0000SERA01,电视机,Televisions,642.132,M07,
2011-08,CUUR0000SERA01,电视机,Televisions,624.271,M08,
2011-09,CUUR0000SERA01,电视机,Televisions,612.671,M09,
2011-10,CUUR0000SERA01,电视机,Televisions,604.97,M10,
2011-11,CUUR0000SERA01,电视机,Televisions,588.998,M11,
2011-12,CUUR0000SERA01,电视机,Televisions,586.401,M12,
2012-01,CUUR0000SERA01,电视机,Televisions,579.823,M01,
2012-02,CUUR0000SERA01,电视机,Televisions,571.895,M02,
2012-03,CUUR0000SERA01,电视机,Televisions,563.18,M03,
2012-04,CUUR0000SERA01,电视机,Televisions,552.434,M04,
2012-05,CUUR0000SERA01,电视机,Televisions,545.956,M05,
2012-06,CUUR0000SERA01,电视机,Televisions,529.959,M06,
2012-07,CUUR0000SERA01,电视机,Televisions,516.863,M07,
2012-08,CUUR0000SERA01,电视机,Televisions,512.143,M08,
2012-09,CUUR0000SERA01,电视机,Televisions,501.279,M09,
2012-10,CUUR0000SERA01,电视机,Televisions,494.949,M10,
2012-11,CUUR0000SERA01,电视机,Televisions,488.402,M11,
2012-12,CUUR0000SERA01,电视机,Televisions,483.662,M12,
2013-01,CUUR0000SERA01,电视机,Televisions,480.684,M01,
2013-02,CUUR0000SERA01,电视机,Televisions,473.328,M02,
2013-03,CUUR0000SERA01,电视机,Televisions,467.78,M03,
2013-04,CUUR0000SERA01,电视机,Televisions,456.375,M04,
2013-05,CUUR0000SERA01,电视机,Televisions,459.723,M05,
2013-06,CUUR0000SERA01,电视机,Televisions,453.779,M06,
2013-07,CUUR0000SERA01,电视机,Televisions,438.773,M07,
2013-08,CUUR0000SERA01,电视机,Televisions,432.666,M08,
2013-09,CUUR0000SERA01,电视机,Televisions,425.527,M09,
2013-10,CUUR0000SERA01,电视机,Televisions,423.909,M10,
2013-11,CUUR0000SERA01,电视机,Televisions,421.521,M11,
2013-12,CUUR0000SERA01,电视机,Televisions,416.263,M12,
2014-01,CUUR0000SERA01,电视机,Televisions,415.584,M01,
2014-02,CUUR0000SERA01,电视机,Televisions,413.687,M02,
2014-03,CUUR0000SERA01,电视机,Televisions,408.22,M03,
2014-04,CUUR0000SERA01,电视机,Televisions,403.144,M04,
2014-05,CUUR0000SERA01,电视机,Televisions,395.175,M05,
2014-06,CUUR0000SERA01,电视机,Televisions,385.865,M06,
2014-07,CUUR0000SERA01,电视机,Televisions,373.06,M07,
2014-08,CUUR0000SERA01,电视机,Televisions,371.18,M08,
2014-09,CUUR0000SERA01,电视机,Televisions,366.887,M09,
2014-10,CUUR0000SERA01,电视机,Televisions,364.27,M10,
2014-11,CUUR0000SERA01,电视机,Televisions,353.295,M11,
2014-12,CUUR0000SERA01,电视机,Televisions,346.567,M12,
2015-01,CUUR0000SERA01,电视机,Televisions,346.17,M01,
2015-02,CUUR0000SERA01,电视机,Televisions,346.302,M02,
2015-03,CUUR0000SERA01,电视机,Televisions,346.103,M03,
2015-04,CUUR0000SERA01,电视机,Televisions,337.925,M04,
2015-05,CUUR0000SERA01,电视机,Televisions,337.969,M05,
2015-06,CUUR0000SERA01,电视机,Televisions,337.188,M06,
2015-07,CUUR0000SERA01,电视机,Televisions,327.025,M07,
2015-08,CUUR0000SERA01,电视机,Televisions,322.77,M08,
2015-09,CUUR0000SERA01,电视机,Televisions,318.635,M09,
2015-10,CUUR0000SERA01,电视机,Televisions,315.83,M10,
2015-11,CUUR0000SERA01,电视机,Televisions,310.939,M11,
2015-12,CUUR0000SERA01,电视机,Televisions,298.712,M12,
2016-01,CUUR0000SERA01,电视机,Televisions,296.661,M01,
2016-02,CUUR0000SERA01,电视机,Televisions,294.228,M02,
2016-03,CUUR0000SERA01,电视机,Televisions,288.708,M03,
2016-04,CUUR0000SERA01,电视机,Televisions,283.408,M04,
2016-05,CUUR0000SERA01,电视机,Televisions,278.815,M05,
2016-06,CUUR0000SERA01,电视机,Televisions,271.592,M06,
2016-07,CUUR0000SERA01,电视机,Televisions,261.218,M07,
2016-08,CUUR0000SERA01,电视机,Televisions,256.397,M08,
2016-09,CUUR0000SERA01,电视机,Televisions,248.737,M09,
2016-10,CUUR0000SERA01,电视机,Televisions,247.292,M10,
2016-11,CUUR0000SERA01,电视机,Televisions,233.821,M11,
2016-12,CUUR0000SERA01,电视机,Televisions,225.545,M12,
2017-01,CUUR0000SERA01,电视机,Televisions,231.938,M01,
2017-02,CUUR0000SERA01,电视机,Televisions,235.151,M02,
2017-03,CUUR0000SERA01,电视机,Televisions,234.087,M03,
2017-04,CUUR0000SERA01,电视机,Televisions,232.589,M04,
2017-05,CUUR0000SERA01,电视机,Televisions,234.351,M05,
2017-06,CUUR0000SERA01,电视机,Televisions,240.598,M06,
2017-07,CUUR0000SERA01,电视机,Televisions,235.554,M07,
2017-08,CUUR0000SERA01,电视机,Televisions,231.651,M08,
2017-09,CUUR0000SERA01,电视机,Televisions,227.727,M09,
2017-10,CUUR0000SERA01,电视机,Televisions,221.923,M10,
2017-11,CUUR0000SERA01,电视机,Televisions,216.277,M11,
2017-12,CUUR0000SERA01,电视机,Televisions,211.403,M12,
1998-01,CUUR0000SA0,CPI总指数,All items,161.6,M01,
1998-02,CUUR0000SA0,CPI总指数,All items,161.9,M02,
1998-03,CUUR0000SA0,CPI总指数,All items,162.2,M03,
1998-04,CUUR0000SA0,CPI总指数,All items,162.5,M04,
1998-05,CUUR0000SA0,CPI总指数,All items,162.8,M05,
1998-06,CUUR0000SA0,CPI总指数,All items,163.0,M06,
1998-07,CUUR0000SA0,CPI总指数,All items,163.2,M07,
1998-08,CUUR0000SA0,CPI总指数,All items,163.4,M08,
1998-09,CUUR0000SA0,CPI总指数,All items,163.6,M09,
1998-10,CUUR0000SA0,CPI总指数,All items,164.0,M10,
1998-11,CUUR0000SA0,CPI总指数,All items,164.0,M11,
1998-12,CUUR0000SA0,CPI总指数,All items,163.9,M12,
1999-01,CUUR0000SA0,CPI总指数,All items,164.3,M01,
1999-02,CUUR0000SA0,CPI总指数,All items,164.5,M02,
1999-03,CUUR0000SA0,CPI总指数,All items,165.0,M03,
1999-04,CUUR0000SA0,CPI总指数,All items,166.2,M04,
1999-05,CUUR0000SA0,CPI总指数,All items,166.2,M05,
1999-06,CUUR0000SA0,CPI总指数,All items,166.2,M06,
1999-07,CUUR0000SA0,CPI总指数,All items,166.7,M07,
1999-08,CUUR0000SA0,CPI总指数,All items,167.1,M08,
1999-09,CUUR0000SA0,CPI总指数,All items,167.9,M09,
1999-10,CUUR0000SA0,CPI总指数,All items,168.2,M10,
1999-11,CUUR0000SA0,CPI总指数,All items,168.3,M11,
1999-12,CUUR0000SA0,CPI总指数,All items,168.3,M12,
2000-01,CUUR0000SA0,CPI总指数,All items,168.8,M01,
2000-02,CUUR0000SA0,CPI总指数,All items,169.8,M02,
2000-03,CUUR0000SA0,CPI总指数,All items,171.2,M03,
2000-04,CUUR0000SA0,CPI总指数,All items,171.3,M04,
2000-05,CUUR0000SA0,CPI总指数,All items,171.5,M05,
2000-06,CUUR0000SA0,CPI总指数,All items,172.4,M06,
2000-07,CUUR0000SA0,CPI总指数,All items,172.8,M07,
2000-08,CUUR0000SA0,CPI总指数,All items,172.8,M08,
2000-09,CUUR0000SA0,CPI总指数,All items,173.7,M09,
2000-10,CUUR0000SA0,CPI总指数,All items,174.0,M10,
2000-11,CUUR0000SA0,CPI总指数,All items,174.1,M11,
2000-12,CUUR0000SA0,CPI总指数,All items,174.0,M12,
2001-01,CUUR0000SA0,CPI总指数,All items,175.1,M01,
2001-02,CUUR0000SA0,CPI总指数,All items,175.8,M02,
2001-03,CUUR0000SA0,CPI总指数,All items,176.2,M03,
2001-04,CUUR0000SA0,CPI总指数,All items,176.9,M04,
2001-05,CUUR0000SA0,CPI总指数,All items,177.7,M05,
2001-06,CUUR0000SA0,CPI总指数,All items,178.0,M06,
2001-07,CUUR0000SA0,CPI总指数,All items,177.5,M07,
2001-08,CUUR0000SA0,CPI总指数,All items,177.5,M08,
2001-09,CUUR0000SA0,CPI总指数,All items,178.3,M09,
2001-10,CUUR0000SA0,CPI总指数,All items,177.7,M10,
2001-11,CUUR0000SA0,CPI总指数,All items,177.4,M11,
2001-12,CUUR0000SA0,CPI总指数,All items,176.7,M12,
2002-01,CUUR0000SA0,CPI总指数,All items,177.1,M01,
2002-02,CUUR0000SA0,CPI总指数,All items,177.8,M02,
2002-03,CUUR0000SA0,CPI总指数,All items,178.8,M03,
2002-04,CUUR0000SA0,CPI总指数,All items,179.8,M04,
2002-05,CUUR0000SA0,CPI总指数,All items,179.8,M05,
2002-06,CUUR0000SA0,CPI总指数,All items,179.9,M06,
2002-07,CUUR0000SA0,CPI总指数,All items,180.1,M07,
2002-08,CUUR0000SA0,CPI总指数,All items,180.7,M08,
2002-09,CUUR0000SA0,CPI总指数,All items,181.0,M09,
2002-10,CUUR0000SA0,CPI总指数,All items,181.3,M10,
2002-11,CUUR0000SA0,CPI总指数,All items,181.3,M11,
2002-12,CUUR0000SA0,CPI总指数,All items,180.9,M12,
2003-01,CUUR0000SA0,CPI总指数,All items,181.7,M01,
2003-02,CUUR0000SA0,CPI总指数,All items,183.1,M02,
2003-03,CUUR0000SA0,CPI总指数,All items,184.2,M03,
2003-04,CUUR0000SA0,CPI总指数,All items,183.8,M04,
2003-05,CUUR0000SA0,CPI总指数,All items,183.5,M05,
2003-06,CUUR0000SA0,CPI总指数,All items,183.7,M06,
2003-07,CUUR0000SA0,CPI总指数,All items,183.9,M07,
2003-08,CUUR0000SA0,CPI总指数,All items,184.6,M08,
2003-09,CUUR0000SA0,CPI总指数,All items,185.2,M09,
2003-10,CUUR0000SA0,CPI总指数,All items,185.0,M10,
2003-11,CUUR0000SA0,CPI总指数,All items,184.5,M11,
2003-12,CUUR0000SA0,CPI总指数,All items,184.3,M12,
2004-01,CUUR0000SA0,CPI总指数,All items,185.2,M01,
2004-02,CUUR0000SA0,CPI总指数,All items,186.2,M02,
2004-03,CUUR0000SA0,CPI总指数,All items,187.4,M03,
2004-04,CUUR0000SA0,CPI总指数,All items,188.0,M04,
2004-05,CUUR0000SA0,CPI总指数,All items,189.1,M05,
2004-06,CUUR0000SA0,CPI总指数,All items,189.7,M06,
2004-07,CUUR0000SA0,CPI总指数,All items,189.4,M07,
2004-08,CUUR0000SA0,CPI总指数,All items,189.5,M08,
2004-09,CUUR0000SA0,CPI总指数,All items,189.9,M09,
2004-10,CUUR0000SA0,CPI总指数,All items,190.9,M10,
2004-11,CUUR0000SA0,CPI总指数,All items,191.0,M11,
2004-12,CUUR0000SA0,CPI总指数,All items,190.3,M12,
2005-01,CUUR0000SA0,CPI总指数,All items,190.7,M01,
2005-02,CUUR0000SA0,CPI总指数,All items,191.8,M02,
2005-03,CUUR0000SA0,CPI总指数,All items,193.3,M03,
2005-04,CUUR0000SA0,CPI总指数,All items,194.6,M04,
2005-05,CUUR0000SA0,CPI总指数,All items,194.4,M05,
2005-06,CUUR0000SA0,CPI总指数,All items,194.5,M06,
2005-07,CUUR0000SA0,CPI总指数,All items,195.4,M07,
2005-08,CUUR0000SA0,CPI总指数,All items,196.4,M08,
2005-09,CUUR0000SA0,CPI总指数,All items,198.8,M09,
2005-10,CUUR0000SA0,CPI总指数,All items,199.2,M10,
2005-11,CUUR0000SA0,CPI总指数,All items,197.6,M11,
2005-12,CUUR0000SA0,CPI总指数,All items,196.8,M12,
2006-01,CUUR0000SA0,CPI总指数,All items,198.3,M01,
2006-02,CUUR0000SA0,CPI总指数,All items,198.7,M02,
2006-03,CUUR0000SA0,CPI总指数,All items,199.8,M03,
2006-04,CUUR0000SA0,CPI总指数,All items,201.5,M04,
2006-05,CUUR0000SA0,CPI总指数,All items,202.5,M05,
2006-06,CUUR0000SA0,CPI总指数,All items,202.9,M06,
2006-07,CUUR0000SA0,CPI总指数,All items,203.5,M07,
2006-08,CUUR0000SA0,CPI总指数,All items,203.9,M08,
2006-09,CUUR0000SA0,CPI总指数,All items,202.9,M09,
2006-10,CUUR0000SA0,CPI总指数,All items,201.8,M10,
2006-11,CUUR0000SA0,CPI总指数,All items,201.5,M11,
2006-12,CUUR0000SA0,CPI总指数,All items,201.8,M12,
2007-01,CUUR0000SA0,CPI总指数,All items,202.416,M01,
2007-02,CUUR0000SA0,CPI总指数,All items,203.499,M02,
2007-03,CUUR0000SA0,CPI总指数,All items,205.352,M03,
2007-04,CUUR0000SA0,CPI总指数,All items,206.686,M04,
2007-05,CUUR0000SA0,CPI总指数,All items,207.949,M05,
2007-06,CUUR0000SA0,CPI总指数,All items,208.352,M06,
2007-07,CUUR0000SA0,CPI总指数,All items,208.299,M07,
2007-08,CUUR0000SA0,CPI总指数,All items,207.917,M08,
2007-09,CUUR0000SA0,CPI总指数,All items,208.49,M09,
2007-10,CUUR0000SA0,CPI总指数,All items,208.936,M10,
2007-11,CUUR0000SA0,CPI总指数,All items,210.177,M11,
2007-12,CUUR0000SA0,CPI总指数,All items,210.036,M12,
2008-01,CUUR0000SA0,CPI总指数,All items,211.08,M01,
2008-02,CUUR0000SA0,CPI总指数,All items,211.693,M02,
2008-03,CUUR0000SA0,CPI总指数,All items,213.528,M03,
2008-04,CUUR0000SA0,CPI总指数,All items,214.823,M04,
2008-05,CUUR0000SA0,CPI总指数,All items,216.632,M05,
2008-06,CUUR0000SA0,CPI总指数,All items,218.815,M06,
2008-07,CUUR0000SA0,CPI总指数,All items,219.964,M07,
2008-08,CUUR0000SA0,CPI总指数,All items,219.086,M08,
2008-09,CUUR0000SA0,CPI总指数,All items,218.783,M09,
2008-10,CUUR0000SA0,CPI总指数,All items,216.573,M10,
2008-11,CUUR0000SA0,CPI总指数,All items,212.425,M11,
2008-12,CUUR0000SA0,CPI总指数,All items,210.228,M12,
2009-01,CUUR0000SA0,CPI总指数,All items,211.143,M01,
2009-02,CUUR0000SA0,CPI总指数,All items,212.193,M02,
2009-03,CUUR0000SA0,CPI总指数,All items,212.709,M03,
2009-04,CUUR0000SA0,CPI总指数,All items,213.24,M04,
2009-05,CUUR0000SA0,CPI总指数,All items,213.856,M05,
2009-06,CUUR0000SA0,CPI总指数,All items,215.693,M06,
2009-07,CUUR0000SA0,CPI总指数,All items,215.351,M07,
2009-08,CUUR0000SA0,CPI总指数,All items,215.834,M08,
2009-09,CUUR0000SA0,CPI总指数,All items,215.969,M09,
2009-10,CUUR0000SA0,CPI总指数,All items,216.177,M10,
2009-11,CUUR0000SA0,CPI总指数,All items,216.33,M11,
2009-12,CUUR0000SA0,CPI总指数,All items,215.949,M12,
2010-01,CUUR0000SA0,CPI总指数,All items,216.687,M01,
2010-02,CUUR0000SA0,CPI总指数,All items,216.741,M02,
2010-03,CUUR0000SA0,CPI总指数,All items,217.631,M03,
2010-04,CUUR0000SA0,CPI总指数,All items,218.009,M04,
2010-05,CUUR0000SA0,CPI总指数,All items,218.178,M05,
2010-06,CUUR0000SA0,CPI总指数,All items,217.965,M06,
2010-07,CUUR0000SA0,CPI总指数,All items,218.011,M07,
2010-08,CUUR0000SA0,CPI总指数,All items,218.312,M08,
2010-09,CUUR0000SA0,CPI总指数,All items,218.439,M09,
2010-10,CUUR0000SA0,CPI总指数,All items,218.711,M10,
2010-11,CUUR0000SA0,CPI总指数,All items,218.803,M11,
2010-12,CUUR0000SA0,CPI总指数,All items,219.179,M12,
2011-01,CUUR0000SA0,CPI总指数,All items,220.223,M01,
2011-02,CUUR0000SA0,CPI总指数,All items,221.309,M02,
2011-03,CUUR0000SA0,CPI总指数,All items,223.467,M03,
2011-04,CUUR0000SA0,CPI总指数,All items,224.906,M04,
2011-05,CUUR0000SA0,CPI总指数,All items,225.964,M05,
2011-06,CUUR0000SA0,CPI总指数,All items,225.722,M06,
2011-07,CUUR0000SA0,CPI总指数,All items,225.922,M07,
2011-08,CUUR0000SA0,CPI总指数,All items,226.545,M08,
2011-09,CUUR0000SA0,CPI总指数,All items,226.889,M09,
2011-10,CUUR0000SA0,CPI总指数,All items,226.421,M10,
2011-11,CUUR0000SA0,CPI总指数,All items,226.23,M11,
2011-12,CUUR0000SA0,CPI总指数,All items,225.672,M12,
2012-01,CUUR0000SA0,CPI总指数,All items,226.665,M01,
2012-02,CUUR0000SA0,CPI总指数,All items,227.663,M02,
2012-03,CUUR0000SA0,CPI总指数,All items,229.392,M03,
2012-04,CUUR0000SA0,CPI总指数,All items,230.085,M04,
2012-05,CUUR0000SA0,CPI总指数,All items,229.815,M05,
2012-06,CUUR0000SA0,CPI总指数,All items,229.478,M06,
2012-07,CUUR0000SA0,CPI总指数,All items,229.104,M07,
2012-08,CUUR0000SA0,CPI总指数,All items,230.379,M08,
2012-09,CUUR0000SA0,CPI总指数,All items,231.407,M09,
2012-10,CUUR0000SA0,CPI总指数,All items,231.317,M10,
2012-11,CUUR0000SA0,CPI总指数,All items,230.221,M11,
2012-12,CUUR0000SA0,CPI总指数,All items,229.601,M12,
2013-01,CUUR0000SA0,CPI总指数,All items,230.28,M01,
2013-02,CUUR0000SA0,CPI总指数,All items,232.166,M02,
2013-03,CUUR0000SA0,CPI总指数,All items,232.773,M03,
2013-04,CUUR0000SA0,CPI总指数,All items,232.531,M04,
2013-05,CUUR0000SA0,CPI总指数,All items,232.945,M05,
2013-06,CUUR0000SA0,CPI总指数,All items,233.504,M06,
2013-07,CUUR0000SA0,CPI总指数,All items,233.596,M07,
2013-08,CUUR0000SA0,CPI总指数,All items,233.877,M08,
2013-09,CUUR0000SA0,CPI总指数,All items,234.149,M09,
2013-10,CUUR0000SA0,CPI总指数,All items,233.546,M10,
2013-11,CUUR0000SA0,CPI总指数,All items,233.069,M11,
2013-12,CUUR0000SA0,CPI总指数,All items,233.049,M12,
2014-01,CUUR0000SA0,CPI总指数,All items,233.916,M01,
2014-02,CUUR0000SA0,CPI总指数,All items,234.781,M02,
2014-03,CUUR0000SA0,CPI总指数,All items,236.293,M03,
2014-04,CUUR0000SA0,CPI总指数,All items,237.072,M04,
2014-05,CUUR0000SA0,CPI总指数,All items,237.9,M05,
2014-06,CUUR0000SA0,CPI总指数,All items,238.343,M06,
2014-07,CUUR0000SA0,CPI总指数,All items,238.25,M07,
2014-08,CUUR0000SA0,CPI总指数,All items,237.852,M08,
2014-09,CUUR0000SA0,CPI总指数,All items,238.031,M09,
2014-10,CUUR0000SA0,CPI总指数,All items,237.433,M10,
2014-11,CUUR0000SA0,CPI总指数,All items,236.151,M11,
2014-12,CUUR0000SA0,CPI总指数,All items,234.812,M12,
2015-01,CUUR0000SA0,CPI总指数,All items,233.707,M01,
2015-02,CUUR0000SA0,CPI总指数,All items,234.722,M02,
2015-03,CUUR0000SA0,CPI总指数,All items,236.119,M03,
2015-04,CUUR0000SA0,CPI总指数,All items,236.599,M04,
2015-05,CUUR0000SA0,CPI总指数,All items,237.805,M05,
2015-06,CUUR0000SA0,CPI总指数,All items,238.638,M06,
2015-07,CUUR0000SA0,CPI总指数,All items,238.654,M07,
2015-08,CUUR0000SA0,CPI总指数,All items,238.316,M08,
2015-09,CUUR0000SA0,CPI总指数,All items,237.945,M09,
2015-10,CUUR0000SA0,CPI总指数,All items,237.838,M10,
2015-11,CUUR0000SA0,CPI总指数,All items,237.336,M11,
2015-12,CUUR0000SA0,CPI总指数,All items,236.525,M12,
2016-01,CUUR0000SA0,CPI总指数,All items,236.916,M01,
2016-02,CUUR0000SA0,CPI总指数,All items,237.111,M02,
2016-03,CUUR0000SA0,CPI总指数,All items,238.132,M03,
2016-04,CUUR0000SA0,CPI总指数,All items,239.261,M04,
2016-05,CUUR0000SA0,CPI总指数,All items,240.229,M05,
2016-06,CUUR0000SA0,CPI总指数,All items,241.018,M06,
2016-07,CUUR0000SA0,CPI总指数,All items,240.628,M07,
2016-08,CUUR0000SA0,CPI总指数,All items,240.849,M08,
2016-09,CUUR0000SA0,CPI总指数,All items,241.428,M09,
2016-10,CUUR0000SA0,CPI总指数,All items,241.729,M10,
2016-11,CUUR0000SA0,CPI总指数,All items,241.353,M11,
2016-12,CUUR0000SA0,CPI总指数,All items,241.432,M12,
2017-01,CUUR0000SA0,CPI总指数,All items,242.839,M01,
2017-02,CUUR0000SA0,CPI总指数,All items,243.603,M02,
2017-03,CUUR0000SA0,CPI总指数,All items,243.801,M03,
2017-04,CUUR0000SA0,CPI总指数,All items,244.524,M04,
2017-05,CUUR0000SA0,CPI总指数,All items,244.733,M05,
2017-06,CUUR0000SA0,CPI总指数,All items,244.955,M06,
2017-07,CUUR0000SA0,CPI总指数,All items,244.786,M07,
2017-08,CUUR0000SA0,CPI总指数,All items,245.519,M08,
2017-09,CUUR0000SA0,CPI总指数,All items,246.819,M09,
2017-10,CUUR0000SA0,CPI总指数,All items,246.663,M10,
2017-11,CUUR0000SA0,CPI总指数,All items,246.669,M11,
2017-12,CUUR0000SA0,CPI总指数,All items,246.524,M12,
1998-01,CUUR0000SEEA,大学教科书,Educational books and supplies（SEEA聚合）,245.1,M01,
1998-02,CUUR0000SEEA,大学教科书,Educational books and supplies（SEEA聚合）,246.9,M02,
1998-03,CUUR0000SEEA,大学教科书,Educational books and supplies（SEEA聚合）,247.5,M03,
1998-04,CUUR0000SEEA,大学教科书,Educational books and supplies（SEEA聚合）,248.8,M04,
1998-05,CUUR0000SEEA,大学教科书,Educational books and supplies（SEEA聚合）,248.9,M05,
1998-06,CUUR0000SEEA,大学教科书,Educational books and supplies（SEEA聚合）,248.6,M06,
1998-07,CUUR0000SEEA,大学教科书,Educational books and supplies（SEEA聚合）,249.0,M07,
1998-08,CUUR0000SEEA,大学教科书,Educational books and supplies（SEEA聚合）,249.1,M08,
1998-09,CUUR0000SEEA,大学教科书,Educational books and supplies（SEEA聚合）,253.7,M09,
1998-10,CUUR0000SEEA,大学教科书,Educational books and supplies（SEEA聚合）,257.0,M10,
1998-11,CUUR0000SEEA,大学教科书,Educational books and supplies（SEEA聚合）,257.1,M11,
1998-12,CUUR0000SEEA,大学教科书,Educational books and supplies（SEEA聚合）,257.3,M12,
1999-01,CUUR0000SEEA,大学教科书,Educational books and supplies（SEEA聚合）,258.4,M01,
1999-02,CUUR0000SEEA,大学教科书,Educational books and supplies（SEEA聚合）,261.3,M02,
1999-03,CUUR0000SEEA,大学教科书,Educational books and supplies（SEEA聚合）,261.4,M03,
1999-04,CUUR0000SEEA,大学教科书,Educational books and supplies（SEEA聚合）,261.2,M04,
1999-05,CUUR0000SEEA,大学教科书,Educational books and supplies（SEEA聚合）,261.6,M05,
1999-06,CUUR0000SEEA,大学教科书,Educational books and supplies（SEEA聚合）,262.1,M06,
1999-07,CUUR0000SEEA,大学教科书,Educational books and supplies（SEEA聚合）,262.3,M07,
1999-08,CUUR0000SEEA,大学教科书,Educational books and supplies（SEEA聚合）,264.5,M08,
1999-09,CUUR0000SEEA,大学教科书,Educational books and supplies（SEEA聚合）,267.0,M09,
1999-10,CUUR0000SEEA,大学教科书,Educational books and supplies（SEEA聚合）,269.0,M10,
1999-11,CUUR0000SEEA,大学教科书,Educational books and supplies（SEEA聚合）,255.7,M11,
1999-12,CUUR0000SEEA,大学教科书,Educational books and supplies（SEEA聚合）,256.0,M12,
2000-01,CUUR0000SEEA,大学教科书,Educational books and supplies（SEEA聚合）,273.9,M01,
2000-02,CUUR0000SEEA,大学教科书,Educational books and supplies（SEEA聚合）,278.3,M02,
2000-03,CUUR0000SEEA,大学教科书,Educational books and supplies（SEEA聚合）,276.9,M03,
2000-04,CUUR0000SEEA,大学教科书,Educational books and supplies（SEEA聚合）,276.7,M04,
2000-05,CUUR0000SEEA,大学教科书,Educational books and supplies（SEEA聚合）,276.8,M05,
2000-06,CUUR0000SEEA,大学教科书,Educational books and supplies（SEEA聚合）,277.5,M06,
2000-07,CUUR0000SEEA,大学教科书,Educational books and supplies（SEEA聚合）,278.1,M07,
2000-08,CUUR0000SEEA,大学教科书,Educational books and supplies（SEEA聚合）,280.2,M08,
2000-09,CUUR0000SEEA,大学教科书,Educational books and supplies（SEEA聚合）,284.8,M09,
2000-10,CUUR0000SEEA,大学教科书,Educational books and supplies（SEEA聚合）,285.2,M10,
2000-11,CUUR0000SEEA,大学教科书,Educational books and supplies（SEEA聚合）,284.8,M11,
2000-12,CUUR0000SEEA,大学教科书,Educational books and supplies（SEEA聚合）,285.4,M12,
2001-01,CUUR0000SEEA,大学教科书,Educational books and supplies（SEEA聚合）,289.2,M01,
2001-02,CUUR0000SEEA,大学教科书,Educational books and supplies（SEEA聚合）,290.4,M02,
2001-03,CUUR0000SEEA,大学教科书,Educational books and supplies（SEEA聚合）,290.8,M03,
2001-04,CUUR0000SEEA,大学教科书,Educational books and supplies（SEEA聚合）,290.8,M04,
2001-05,CUUR0000SEEA,大学教科书,Educational books and supplies（SEEA聚合）,290.7,M05,
2001-06,CUUR0000SEEA,大学教科书,Educational books and supplies（SEEA聚合）,293.9,M06,
2001-07,CUUR0000SEEA,大学教科书,Educational books and supplies（SEEA聚合）,295.1,M07,
2001-08,CUUR0000SEEA,大学教科书,Educational books and supplies（SEEA聚合）,298.0,M08,
2001-09,CUUR0000SEEA,大学教科书,Educational books and supplies（SEEA聚合）,305.4,M09,
2001-10,CUUR0000SEEA,大学教科书,Educational books and supplies（SEEA聚合）,307.2,M10,
2001-11,CUUR0000SEEA,大学教科书,Educational books and supplies（SEEA聚合）,304.7,M11,
2001-12,CUUR0000SEEA,大学教科书,Educational books and supplies（SEEA聚合）,294.7,M12,
2002-01,CUUR0000SEEA,大学教科书,Educational books and supplies（SEEA聚合）,303.0,M01,
2002-02,CUUR0000SEEA,大学教科书,Educational books and supplies（SEEA聚合）,314.4,M02,
2002-03,CUUR0000SEEA,大学教科书,Educational books and supplies（SEEA聚合）,314.2,M03,
2002-04,CUUR0000SEEA,大学教科书,Educational books and supplies（SEEA聚合）,314.4,M04,
2002-05,CUUR0000SEEA,大学教科书,Educational books and supplies（SEEA聚合）,315.6,M05,
2002-06,CUUR0000SEEA,大学教科书,Educational books and supplies（SEEA聚合）,317.4,M06,
2002-07,CUUR0000SEEA,大学教科书,Educational books and supplies（SEEA聚合）,318.3,M07,
2002-08,CUUR0000SEEA,大学教科书,Educational books and supplies（SEEA聚合）,319.6,M08,
2002-09,CUUR0000SEEA,大学教科书,Educational books and supplies（SEEA聚合）,323.2,M09,
2002-10,CUUR0000SEEA,大学教科书,Educational books and supplies（SEEA聚合）,323.2,M10,
2002-11,CUUR0000SEEA,大学教科书,Educational books and supplies（SEEA聚合）,324.0,M11,
2002-12,CUUR0000SEEA,大学教科书,Educational books and supplies（SEEA聚合）,323.3,M12,
2003-01,CUUR0000SEEA,大学教科书,Educational books and supplies（SEEA聚合）,329.5,M01,
2003-02,CUUR0000SEEA,大学教科书,Educational books and supplies（SEEA聚合）,332.8,M02,
2003-03,CUUR0000SEEA,大学教科书,Educational books and supplies（SEEA聚合）,333.2,M03,
2003-04,CUUR0000SEEA,大学教科书,Educational books and supplies（SEEA聚合）,332.3,M04,
2003-05,CUUR0000SEEA,大学教科书,Educational books and supplies（SEEA聚合）,332.5,M05,
2003-06,CUUR0000SEEA,大学教科书,Educational books and supplies（SEEA聚合）,334.3,M06,
2003-07,CUUR0000SEEA,大学教科书,Educational books and supplies（SEEA聚合）,335.0,M07,
2003-08,CUUR0000SEEA,大学教科书,Educational books and supplies（SEEA聚合）,338.5,M08,
2003-09,CUUR0000SEEA,大学教科书,Educational books and supplies（SEEA聚合）,338.2,M09,
2003-10,CUUR0000SEEA,大学教科书,Educational books and supplies（SEEA聚合）,339.7,M10,
2003-11,CUUR0000SEEA,大学教科书,Educational books and supplies（SEEA聚合）,336.0,M11,
2003-12,CUUR0000SEEA,大学教科书,Educational books and supplies（SEEA聚合）,342.8,M12,
2004-01,CUUR0000SEEA,大学教科书,Educational books and supplies（SEEA聚合）,345.4,M01,
2004-02,CUUR0000SEEA,大学教科书,Educational books and supplies（SEEA聚合）,348.6,M02,
2004-03,CUUR0000SEEA,大学教科书,Educational books and supplies（SEEA聚合）,348.9,M03,
2004-04,CUUR0000SEEA,大学教科书,Educational books and supplies（SEEA聚合）,349.5,M04,
2004-05,CUUR0000SEEA,大学教科书,Educational books and supplies（SEEA聚合）,349.6,M05,
2004-06,CUUR0000SEEA,大学教科书,Educational books and supplies（SEEA聚合）,350.6,M06,
2004-07,CUUR0000SEEA,大学教科书,Educational books and supplies（SEEA聚合）,349.5,M07,
2004-08,CUUR0000SEEA,大学教科书,Educational books and supplies（SEEA聚合）,353.3,M08,
2004-09,CUUR0000SEEA,大学教科书,Educational books and supplies（SEEA聚合）,352.8,M09,
2004-10,CUUR0000SEEA,大学教科书,Educational books and supplies（SEEA聚合）,353.8,M10,
2004-11,CUUR0000SEEA,大学教科书,Educational books and supplies（SEEA聚合）,354.4,M11,
2004-12,CUUR0000SEEA,大学教科书,Educational books and supplies（SEEA聚合）,355.9,M12,
2005-01,CUUR0000SEEA,大学教科书,Educational books and supplies（SEEA聚合）,357.4,M01,
2005-02,CUUR0000SEEA,大学教科书,Educational books and supplies（SEEA聚合）,359.9,M02,
2005-03,CUUR0000SEEA,大学教科书,Educational books and supplies（SEEA聚合）,360.6,M03,
2005-04,CUUR0000SEEA,大学教科书,Educational books and supplies（SEEA聚合）,361.3,M04,
2005-05,CUUR0000SEEA,大学教科书,Educational books and supplies（SEEA聚合）,362.3,M05,
2005-06,CUUR0000SEEA,大学教科书,Educational books and supplies（SEEA聚合）,363.4,M06,
2005-07,CUUR0000SEEA,大学教科书,Educational books and supplies（SEEA聚合）,364.0,M07,
2005-08,CUUR0000SEEA,大学教科书,Educational books and supplies（SEEA聚合）,364.6,M08,
2005-09,CUUR0000SEEA,大学教科书,Educational books and supplies（SEEA聚合）,372.4,M09,
2005-10,CUUR0000SEEA,大学教科书,Educational books and supplies（SEEA聚合）,373.9,M10,
2005-11,CUUR0000SEEA,大学教科书,Educational books and supplies（SEEA聚合）,373.6,M11,
2005-12,CUUR0000SEEA,大学教科书,Educational books and supplies（SEEA聚合）,374.3,M12,
2006-01,CUUR0000SEEA,大学教科书,Educational books and supplies（SEEA聚合）,379.2,M01,
2006-02,CUUR0000SEEA,大学教科书,Educational books and supplies（SEEA聚合）,382.0,M02,
2006-03,CUUR0000SEEA,大学教科书,Educational books and supplies（SEEA聚合）,383.1,M03,
2006-04,CUUR0000SEEA,大学教科书,Educational books and supplies（SEEA聚合）,383.1,M04,
2006-05,CUUR0000SEEA,大学教科书,Educational books and supplies（SEEA聚合）,384.7,M05,
2006-06,CUUR0000SEEA,大学教科书,Educational books and supplies（SEEA聚合）,386.7,M06,
2006-07,CUUR0000SEEA,大学教科书,Educational books and supplies（SEEA聚合）,386.3,M07,
2006-08,CUUR0000SEEA,大学教科书,Educational books and supplies（SEEA聚合）,391.3,M08,
2006-09,CUUR0000SEEA,大学教科书,Educational books and supplies（SEEA聚合）,393.9,M09,
2006-10,CUUR0000SEEA,大学教科书,Educational books and supplies（SEEA聚合）,398.4,M10,
2006-11,CUUR0000SEEA,大学教科书,Educational books and supplies（SEEA聚合）,398.5,M11,
2006-12,CUUR0000SEEA,大学教科书,Educational books and supplies（SEEA聚合）,399.5,M12,
2007-01,CUUR0000SEEA,大学教科书,Educational books and supplies（SEEA聚合）,405.668,M01,
2007-02,CUUR0000SEEA,大学教科书,Educational books and supplies（SEEA聚合）,407.809,M02,
2007-03,CUUR0000SEEA,大学教科书,Educational books and supplies（SEEA聚合）,413.665,M03,
2007-04,CUUR0000SEEA,大学教科书,Educational books and supplies（SEEA聚合）,414.217,M04,
2007-05,CUUR0000SEEA,大学教科书,Educational books and supplies（SEEA聚合）,414.694,M05,
2007-06,CUUR0000SEEA,大学教科书,Educational books and supplies（SEEA聚合）,415.635,M06,
2007-07,CUUR0000SEEA,大学教科书,Educational books and supplies（SEEA聚合）,418.394,M07,
2007-08,CUUR0000SEEA,大学教科书,Educational books and supplies（SEEA聚合）,427.425,M08,
2007-09,CUUR0000SEEA,大学教科书,Educational books and supplies（SEEA聚合）,430.114,M09,
2007-10,CUUR0000SEEA,大学教科书,Educational books and supplies（SEEA聚合）,431.432,M10,
2007-11,CUUR0000SEEA,大学教科书,Educational books and supplies（SEEA聚合）,431.606,M11,
2007-12,CUUR0000SEEA,大学教科书,Educational books and supplies（SEEA聚合）,434.352,M12,
2008-01,CUUR0000SEEA,大学教科书,Educational books and supplies（SEEA聚合）,437.822,M01,
2008-02,CUUR0000SEEA,大学教科书,Educational books and supplies（SEEA聚合）,439.052,M02,
2008-03,CUUR0000SEEA,大学教科书,Educational books and supplies（SEEA聚合）,439.906,M03,
2008-04,CUUR0000SEEA,大学教科书,Educational books and supplies（SEEA聚合）,442.16,M04,
2008-05,CUUR0000SEEA,大学教科书,Educational books and supplies（SEEA聚合）,442.77,M05,
2008-06,CUUR0000SEEA,大学教科书,Educational books and supplies（SEEA聚合）,443.309,M06,
2008-07,CUUR0000SEEA,大学教科书,Educational books and supplies（SEEA聚合）,444.382,M07,
2008-08,CUUR0000SEEA,大学教科书,Educational books and supplies（SEEA聚合）,458.989,M08,
2008-09,CUUR0000SEEA,大学教科书,Educational books and supplies（SEEA聚合）,462.787,M09,
2008-10,CUUR0000SEEA,大学教科书,Educational books and supplies（SEEA聚合）,463.825,M10,
2008-11,CUUR0000SEEA,大学教科书,Educational books and supplies（SEEA聚合）,462.694,M11,
2008-12,CUUR0000SEEA,大学教科书,Educational books and supplies（SEEA聚合）,464.544,M12,
2009-01,CUUR0000SEEA,大学教科书,Educational books and supplies（SEEA聚合）,468.432,M01,
2009-02,CUUR0000SEEA,大学教科书,Educational books and supplies（SEEA聚合）,469.996,M02,
2009-03,CUUR0000SEEA,大学教科书,Educational books and supplies（SEEA聚合）,472.185,M03,
2009-04,CUUR0000SEEA,大学教科书,Educational books and supplies（SEEA聚合）,472.507,M04,
2009-05,CUUR0000SEEA,大学教科书,Educational books and supplies（SEEA聚合）,472.588,M05,
2009-06,CUUR0000SEEA,大学教科书,Educational books and supplies（SEEA聚合）,476.974,M06,
2009-07,CUUR0000SEEA,大学教科书,Educational books and supplies（SEEA聚合）,481.768,M07,
2009-08,CUUR0000SEEA,大学教科书,Educational books and supplies（SEEA聚合）,490.102,M08,
2009-09,CUUR0000SEEA,大学教科书,Educational books and supplies（SEEA聚合）,493.636,M09,
2009-10,CUUR0000SEEA,大学教科书,Educational books and supplies（SEEA聚合）,494.435,M10,
2009-11,CUUR0000SEEA,大学教科书,Educational books and supplies（SEEA聚合）,495.66,M11,
2009-12,CUUR0000SEEA,大学教科书,Educational books and supplies（SEEA聚合）,496.58,M12,
2010-01,CUUR0000SEEA,大学教科书,Educational books and supplies（SEEA聚合）,500.551,M01,
2010-02,CUUR0000SEEA,大学教科书,Educational books and supplies（SEEA聚合）,502.812,M02,
2010-03,CUUR0000SEEA,大学教科书,Educational books and supplies（SEEA聚合）,502.273,M03,
2010-04,CUUR0000SEEA,大学教科书,Educational books and supplies（SEEA聚合）,501.17,M04,
2010-05,CUUR0000SEEA,大学教科书,Educational books and supplies（SEEA聚合）,502.345,M05,
2010-06,CUUR0000SEEA,大学教科书,Educational books and supplies（SEEA聚合）,504.87,M06,
2010-07,CUUR0000SEEA,大学教科书,Educational books and supplies（SEEA聚合）,504.856,M07,
2010-08,CUUR0000SEEA,大学教科书,Educational books and supplies（SEEA聚合）,504.635,M08,
2010-09,CUUR0000SEEA,大学教科书,Educational books and supplies（SEEA聚合）,508.892,M09,
2010-10,CUUR0000SEEA,大学教科书,Educational books and supplies（SEEA聚合）,510.335,M10,
2010-11,CUUR0000SEEA,大学教科书,Educational books and supplies（SEEA聚合）,510.185,M11,
2010-12,CUUR0000SEEA,大学教科书,Educational books and supplies（SEEA聚合）,513.904,M12,
2011-01,CUUR0000SEEA,大学教科书,Educational books and supplies（SEEA聚合）,522.026,M01,
2011-02,CUUR0000SEEA,大学教科书,Educational books and supplies（SEEA聚合）,520.778,M02,
2011-03,CUUR0000SEEA,大学教科书,Educational books and supplies（SEEA聚合）,522.903,M03,
2011-04,CUUR0000SEEA,大学教科书,Educational books and supplies（SEEA聚合）,522.44,M04,
2011-05,CUUR0000SEEA,大学教科书,Educational books and supplies（SEEA聚合）,523.64,M05,
2011-06,CUUR0000SEEA,大学教科书,Educational books and supplies（SEEA聚合）,524.307,M06,
2011-07,CUUR0000SEEA,大学教科书,Educational books and supplies（SEEA聚合）,525.981,M07,
2011-08,CUUR0000SEEA,大学教科书,Educational books and supplies（SEEA聚合）,530.785,M08,
2011-09,CUUR0000SEEA,大学教科书,Educational books and supplies（SEEA聚合）,538.887,M09,
2011-10,CUUR0000SEEA,大学教科书,Educational books and supplies（SEEA聚合）,540.431,M10,
2011-11,CUUR0000SEEA,大学教科书,Educational books and supplies（SEEA聚合）,541.618,M11,
2011-12,CUUR0000SEEA,大学教科书,Educational books and supplies（SEEA聚合）,540.742,M12,
2012-01,CUUR0000SEEA,大学教科书,Educational books and supplies（SEEA聚合）,547.629,M01,
2012-02,CUUR0000SEEA,大学教科书,Educational books and supplies（SEEA聚合）,548.192,M02,
2012-03,CUUR0000SEEA,大学教科书,Educational books and supplies（SEEA聚合）,550.401,M03,
2012-04,CUUR0000SEEA,大学教科书,Educational books and supplies（SEEA聚合）,550.666,M04,
2012-05,CUUR0000SEEA,大学教科书,Educational books and supplies（SEEA聚合）,553.994,M05,
2012-06,CUUR0000SEEA,大学教科书,Educational books and supplies（SEEA聚合）,555.121,M06,
2012-07,CUUR0000SEEA,大学教科书,Educational books and supplies（SEEA聚合）,559.0,M07,
2012-08,CUUR0000SEEA,大学教科书,Educational books and supplies（SEEA聚合）,571.037,M08,
2012-09,CUUR0000SEEA,大学教科书,Educational books and supplies（SEEA聚合）,577.816,M09,
2012-10,CUUR0000SEEA,大学教科书,Educational books and supplies（SEEA聚合）,577.676,M10,
2012-11,CUUR0000SEEA,大学教科书,Educational books and supplies（SEEA聚合）,580.307,M11,
2012-12,CUUR0000SEEA,大学教科书,Educational books and supplies（SEEA聚合）,578.816,M12,
2013-01,CUUR0000SEEA,大学教科书,Educational books and supplies（SEEA聚合）,586.606,M01,
2013-02,CUUR0000SEEA,大学教科书,Educational books and supplies（SEEA聚合）,585.637,M02,
2013-03,CUUR0000SEEA,大学教科书,Educational books and supplies（SEEA聚合）,588.67,M03,
2013-04,CUUR0000SEEA,大学教科书,Educational books and supplies（SEEA聚合）,588.734,M04,
2013-05,CUUR0000SEEA,大学教科书,Educational books and supplies（SEEA聚合）,590.842,M05,
2013-06,CUUR0000SEEA,大学教科书,Educational books and supplies（SEEA聚合）,590.797,M06,
2013-07,CUUR0000SEEA,大学教科书,Educational books and supplies（SEEA聚合）,594.314,M07,
2013-08,CUUR0000SEEA,大学教科书,Educational books and supplies（SEEA聚合）,591.77,M08,
2013-09,CUUR0000SEEA,大学教科书,Educational books and supplies（SEEA聚合）,599.859,M09,
2013-10,CUUR0000SEEA,大学教科书,Educational books and supplies（SEEA聚合）,604.834,M10,
2013-11,CUUR0000SEEA,大学教科书,Educational books and supplies（SEEA聚合）,606.596,M11,
2013-12,CUUR0000SEEA,大学教科书,Educational books and supplies（SEEA聚合）,607.855,M12,
2014-01,CUUR0000SEEA,大学教科书,Educational books and supplies（SEEA聚合）,601.006,M01,
2014-02,CUUR0000SEEA,大学教科书,Educational books and supplies（SEEA聚合）,604.231,M02,
2014-03,CUUR0000SEEA,大学教科书,Educational books and supplies（SEEA聚合）,602.091,M03,
2014-04,CUUR0000SEEA,大学教科书,Educational books and supplies（SEEA聚合）,605.715,M04,
2014-05,CUUR0000SEEA,大学教科书,Educational books and supplies（SEEA聚合）,607.559,M05,
2014-06,CUUR0000SEEA,大学教科书,Educational books and supplies（SEEA聚合）,606.46,M06,
2014-07,CUUR0000SEEA,大学教科书,Educational books and supplies（SEEA聚合）,608.757,M07,
2014-08,CUUR0000SEEA,大学教科书,Educational books and supplies（SEEA聚合）,622.421,M08,
2014-09,CUUR0000SEEA,大学教科书,Educational books and supplies（SEEA聚合）,627.613,M09,
2014-10,CUUR0000SEEA,大学教科书,Educational books and supplies（SEEA聚合）,631.817,M10,
2014-11,CUUR0000SEEA,大学教科书,Educational books and supplies（SEEA聚合）,631.814,M11,
2014-12,CUUR0000SEEA,大学教科书,Educational books and supplies（SEEA聚合）,635.884,M12,
2015-01,CUUR0000SEEA,大学教科书,Educational books and supplies（SEEA聚合）,640.246,M01,
2015-02,CUUR0000SEEA,大学教科书,Educational books and supplies（SEEA聚合）,639.453,M02,
2015-03,CUUR0000SEEA,大学教科书,Educational books and supplies（SEEA聚合）,642.611,M03,
2015-04,CUUR0000SEEA,大学教科书,Educational books and supplies（SEEA聚合）,642.694,M04,
2015-05,CUUR0000SEEA,大学教科书,Educational books and supplies（SEEA聚合）,642.547,M05,
2015-06,CUUR0000SEEA,大学教科书,Educational books and supplies（SEEA聚合）,637.974,M06,
2015-07,CUUR0000SEEA,大学教科书,Educational books and supplies（SEEA聚合）,641.636,M07,
2015-08,CUUR0000SEEA,大学教科书,Educational books and supplies（SEEA聚合）,651.553,M08,
2015-09,CUUR0000SEEA,大学教科书,Educational books and supplies（SEEA聚合）,655.742,M09,
2015-10,CUUR0000SEEA,大学教科书,Educational books and supplies（SEEA聚合）,658.714,M10,
2015-11,CUUR0000SEEA,大学教科书,Educational books and supplies（SEEA聚合）,660.713,M11,
2015-12,CUUR0000SEEA,大学教科书,Educational books and supplies（SEEA聚合）,664.102,M12,
2016-01,CUUR0000SEEA,大学教科书,Educational books and supplies（SEEA聚合）,663.452,M01,
2016-02,CUUR0000SEEA,大学教科书,Educational books and supplies（SEEA聚合）,660.05,M02,
2016-03,CUUR0000SEEA,大学教科书,Educational books and supplies（SEEA聚合）,658.775,M03,
2016-04,CUUR0000SEEA,大学教科书,Educational books and supplies（SEEA聚合）,666.544,M04,
2016-05,CUUR0000SEEA,大学教科书,Educational books and supplies（SEEA聚合）,666.306,M05,
2016-06,CUUR0000SEEA,大学教科书,Educational books and supplies（SEEA聚合）,675.052,M06,
2016-07,CUUR0000SEEA,大学教科书,Educational books and supplies（SEEA聚合）,678.015,M07,
2016-08,CUUR0000SEEA,大学教科书,Educational books and supplies（SEEA聚合）,687.438,M08,
2016-09,CUUR0000SEEA,大学教科书,Educational books and supplies（SEEA聚合）,693.598,M09,
2016-10,CUUR0000SEEA,大学教科书,Educational books and supplies（SEEA聚合）,695.365,M10,
2016-11,CUUR0000SEEA,大学教科书,Educational books and supplies（SEEA聚合）,700.418,M11,
2016-12,CUUR0000SEEA,大学教科书,Educational books and supplies（SEEA聚合）,700.386,M12,
2017-01,CUUR0000SEEA,大学教科书,Educational books and supplies（SEEA聚合）,690.427,M01,
2017-02,CUUR0000SEEA,大学教科书,Educational books and supplies（SEEA聚合）,696.371,M02,
2017-03,CUUR0000SEEA,大学教科书,Educational books and supplies（SEEA聚合）,698.235,M03,
2017-04,CUUR0000SEEA,大学教科书,Educational books and supplies（SEEA聚合）,688.56,M04,
2017-05,CUUR0000SEEA,大学教科书,Educational books and supplies（SEEA聚合）,682.217,M05,
2017-06,CUUR0000SEEA,大学教科书,Educational books and supplies（SEEA聚合）,682.327,M06,
2017-07,CUUR0000SEEA,大学教科书,Educational books and supplies（SEEA聚合）,691.689,M07,
2017-08,CUUR0000SEEA,大学教科书,Educational books and supplies（SEEA聚合）,690.041,M08,
2017-09,CUUR0000SEEA,大学教科书,Educational books and supplies（SEEA聚合）,682.696,M09,
2017-10,CUUR0000SEEA,大学教科书,Educational books and supplies（SEEA聚合）,686.535,M10,
2017-11,CUUR0000SEEA,大学教科书,Educational books and supplies（SEEA聚合）,696.688,M11,
2017-12,CUUR0000SEEA,大学教科书,Educational books and supplies（SEEA聚合）,687.646,M12,
